id;primaryTitle;originalTitle;forAdults;releaseYear;endYear;runtimeInMinutes;title_type_id
tt1120306;Kim Looks for Love;Kim Looks for Love;0;2007;\N;55;3
tt11203060;The Roswell Entry;The Roswell Entry;0;\N;\N;\N;1
tt11203062;In Memory Of....;In Memory Of....;0;2005;\N;\N;2
tt11203068;Rene Michelle Aranda Wins the Rising Star Award at the 2019 HSSF;Rene Michelle Aranda Wins the Rising Star Award at the 2019 HSSF;0;2019;\N;3;3
tt1120307;Gene's Date;Gene's Date;0;2000;\N;\N;3
tt11203070;The Writer from a Country Without Bookstores;The Writer from a Country Without Bookstores;0;2019;\N;79;1
tt11203076;My Sister AJ;My Sister AJ;1;2019;\N;\N;3
tt1120308;The Home Office;The Home Office;0;1999;\N;\N;3
tt11203084;Amadahy - Smother Problems;Amadahy - Smother Problems;1;2019;\N;\N;3
tt11203088;The Video Store;The Video Store;0;2019;\N;14;2
tt1120309;Upright and Breathing;Upright and Breathing;0;2001;\N;\N;3
tt11203098;Plains;Plains;0;2021;\N;\N;3
tt1120310;Todo sea por la virgen;Todo sea por la virgen;0;1993;\N;\N;3
tt11203104;Sea Lion King;Sea Lion King;0;\N;\N;\N;3
tt1120311;Sangre azul;Sangre azul;0;1995;\N;\N;3
tt11203110;Koala Country;Koala Country;0;\N;\N;\N;3
tt11203112;Possum Power;Possum Power;0;\N;\N;\N;3
tt11203114;Nature's Deadly Alchemists;Nature's Deadly Alchemists;0;\N;\N;\N;3
tt11203118;Journey of the Emu;Journey of the Emu;0;\N;\N;\N;3
tt1120312;El hombre con rostro;El hombre con rostro;0;1995;\N;\N;3
tt11203124;Prime Movers;Prime Movers;0;2021;\N;\N;3
tt11203126;Master Builders;Master Builders;0;\N;\N;\N;3
tt1120313;Estamos en obras;Estamos en obras;0;1995;\N;\N;3
tt11203130;Empire Engineers;Empire Engineers;0;\N;\N;\N;3
tt11203140;Em Busca da Cerveja Perfeita;Em Busca da Cerveja Perfeita;0;2019;\N;61;1
tt11203142;Don't Leave Me Birdie;Don't Leave Me Birdie;0;2019;\N;6;2
tt11203144;Vick Part 1;Vick Part 1;0;2020;\N;\N;3
tt11203146;Girl Band: Going Norway;Girl Band: Going Norway;0;2019;\N;\N;2
tt11203148;Horse Camp;Horse Camp;0;2021;\N;25;6
tt11203150;Family Edition: The Pop Star Always Wins;Family Edition: The Pop Star Always Wins;0;2019;\N;43;3
tt11203152;C'est qui le bonhomme?;C'est qui le bonhomme?;0;2019;\N;\N;2
tt11203156;Family Edition: Family Lock Up;Family Edition: Family Lock Up;0;2019;\N;43;3
tt11203158;Introducing My Father, François Truffaut;Introducing My Father, François Truffaut;0;2019;\N;26;2
tt11203160;Family Edition: Off the Deep End;Family Edition: Off the Deep End;0;2019;\N;43;3
tt11203164;Chapter Seventeen: Awake;Chapter Seventeen: Awake;0;2019;\N;\N;3
tt1120317;Cold Hearted;Cold Hearted;0;2002;\N;\N;3
tt11203174;Gen Y;Gen Y;0;2019;\N;\N;2
tt1120318;Scent of suspiscion;Scent of suspiscion;0;2003;\N;\N;3
tt11203182;You Don't Need A Cock: Part 1;You Don't Need A Cock: Part 1;1;2019;\N;\N;3
tt11203184;Jeni Gives Old Man One Last Fuck;Jeni Gives Old Man One Last Fuck;1;2019;\N;\N;3
tt11203186;Danger Dank;Danger Dank;0;2018;\N;\N;2
tt11203188;Wish I Could Set Myself Free;Wish I Could Set Myself Free;0;2019;\N;\N;3
tt1120319;Jenny McCarthy & Holly Robinson Peete;Jenny McCarthy & Holly Robinson Peete;0;2007;\N;\N;3
tt11203196;Di nakahinga;Di nakahinga;0;2019;\N;28;3
tt11203198;Aria Di Sentimento;Aria Di Sentimento;0;2019;\N;\N;2
tt11203202;Judy Carne & Gene Rayburn;Judy Carne & Gene Rayburn;0;1973;\N;30;3
tt11203204;Kanli Havuz: Lanet Basliyor;Kanli Havuz: Lanet Basliyor;0;\N;\N;\N;1
tt11203206;Theatre Nerds;Theatre Nerds;0;2017;\N;\N;6
tt11203208;Always Pretty;Always Pretty;0;2019;\N;5;2
tt11203210;Making Love Better Twogether;Making Love Better Twogether;0;2019;\N;\N;6
tt11203212;Terminator: Dark Fate - Movie Review;Terminator: Dark Fate - Movie Review;0;2019;\N;\N;3
tt11203222;The Governor Lives;The Governor Lives;0;2019;\N;33;3
tt11203224;Larawan;Larawan;0;2019;\N;26;3
tt11203228;Scarub - Get Out;Scarub - Get Out;0;2014;\N;\N;2
tt11203238;Esami - La serie;Esami - La serie;0;2014;2016;\N;4
tt11203242;Stage One VR Experience;Stage One VR Experience;0;2018;\N;\N;2
tt11203244;Dopamine Fasts?!/The Neuroscience behind Imposter Syndrome!/9-Year-Old Gets TSS!/Buzz or Bust: Bug Bite Thing & Shower Clear!/Antibiotics Caused Dr. Ordon's Tendinitis?;Dopamine Fasts?!/The Neuroscience behind Imposter Syndrome!/9-Year-Old Gets TSS!/Buzz or Bust: Bug Bite Thing & Shower Clear!/Antibiotics Caused Dr. Ordon's Tendinitis?;0;2019;\N;41;3
tt11203246;Life on the Line - The story of the Southern Bluefin Tuna;Life on the Line - The story of the Southern Bluefin Tuna;0;2019;\N;50;1
tt11203250;Mother! - SPOILER Talk! (My Interpretation Of The Movie);Mother! - SPOILER Talk! (My Interpretation Of The Movie);0;2017;\N;\N;3
tt11203252;Couple's Unborn Baby Tests Positive for Meth Due to Family Home?/Study Claims Crying Helps You Lose Weight?/Doctors Dog Court!/Man Uses Fridge Safe to Lock Away Sweets from Fiancée?;Couple's Unborn Baby Tests Positive for Meth Due to Family Home?/Study Claims Crying Helps You Lose Weight?/Doctors Dog Court!/Man Uses Fridge Safe to Lock Away Sweets from Fiancée?;0;2019;\N;41;3
tt11203260;"The Drs. Debate: Is Porn Addiction Real?/Controversial Parenting Trend: Beat Toys to Get Kids to Eat?/Cancer Fighting ""Breasturrito?""";"The Drs. Debate: Is Porn Addiction Real?/Controversial Parenting Trend: Beat Toys to Get Kids to Eat?/Cancer Fighting ""Breasturrito?""";0;2019;\N;41;3
tt11203264;I Am a Munchausen by Proxy Victim!/Woman Breaks Her Silence on Medical Abuse after Medical Records and Doctors Suggest Her Own Mother Intentionally Kept Her Sick!/Could the Allegations Be True?;I Am a Munchausen by Proxy Victim!/Woman Breaks Her Silence on Medical Abuse after Medical Records and Doctors Suggest Her Own Mother Intentionally Kept Her Sick!/Could the Allegations Be True?;0;2019;\N;41;3
tt11203266;Better World;Better World;0;\N;\N;\N;6
tt11203270;Gracefully;Gracefully;0;2019;\N;62;1
tt11203272;Insane Parkour Swings!;Insane Parkour Swings!;0;2017;\N;\N;2
tt11203276;Coffre à surprises;Coffre à surprises;0;2019;\N;\N;3
tt11203278;The Drs. #DropTheSugar Challenge!/Is Online Therapy Legit?/America's Doctor Shortage?/Wish Man: The Story Behind Make-A-Wish!;The Drs. #DropTheSugar Challenge!/Is Online Therapy Legit?/America's Doctor Shortage?/Wish Man: The Story Behind Make-A-Wish!;0;2019;\N;41;3
tt11203280;Bail Bonds, The Comeback Kids and School of Good Works;Bail Bonds, The Comeback Kids and School of Good Works;0;2017;\N;\N;3
tt11203282;Radio Olmos;Radio Olmos;0;2019;\N;120;1
tt11203288;To Walk & To Work;To Walk & To Work;0;1950;\N;30;2
tt11203290;Quezzy the CEO;Quezzy the CEO;0;2019;\N;35;2
tt11203296;Khiladi 1080;Khiladi 1080;0;2021;\N;\N;1
tt11203298;Colson Whitehead;Colson Whitehead;0;2019;\N;27;3
tt11203300;Cory Booker/Edward Norton;Cory Booker/Edward Norton;0;2019;\N;39;3
tt11203302;Julián Castro;Julián Castro;0;2019;\N;31;3
tt11203304;Jenny Slate;Jenny Slate;0;2019;\N;28;3
tt11203306;WW2 - Life at Home;WW2 - Life at Home;0;2019;\N;12;2
tt11203308;Airbnbs Gone Wild, Military Buds;Airbnbs Gone Wild, Military Buds;0;2017;\N;\N;3
tt11203314;In the Absence;In the Absence;0;2020;\N;90;1
tt11203316;Mark Les & Moniqué - Nauja istorija;Mark Les & Moniqué - Nauja istorija;0;2017;\N;3;2
tt11203318;Untitled Sailing Project;Untitled Sailing Project;0;\N;\N;\N;1
tt11203322;Entrevue exclusive;Entrevue exclusive;0;2019;\N;\N;3
tt11203324;Moniqué - Gaila;Moniqué - Gaila;0;2018;\N;4;2
tt11203332;The Making of Art of Deception;The Making of Art of Deception;0;2019;\N;\N;1
tt11203334;Moniqué - Nenoriu grizt namo;Moniqué - Nenoriu grizt namo;0;2018;\N;3;2
tt11203342;Mask and You Shall Receive;Mask and You Shall Receive;0;2019;\N;\N;3
tt11203344;Mantas ir Monika - Zeme plokscia;Mantas ir Monika - Zeme plokscia;0;2018;\N;2;2
tt11203346;Barbara Reimagined;Barbara Reimagined;0;2019;\N;65;1
tt11203348;Croc Out of Water;Croc Out of Water;0;2019;\N;21;3
tt11203350;Castaway Croc;Castaway Croc;0;2019;\N;\N;3
tt11203352;Croc in the Hole;Croc in the Hole;0;2019;\N;\N;3
tt11203354;Ranch Rampage;Ranch Rampage;0;2019;\N;21;3
tt11203356;Calamity Croc;Calamity Croc;0;2019;\N;20;3
tt11203358;Dont Rock the Boat;Dont Rock the Boat;0;2019;\N;\N;3
tt1120336;Eat Flaming Death;Eat Flaming Death;0;2000;\N;\N;3
tt11203362;Fly Away Croc;Fly Away Croc;0;2019;\N;21;3
tt11203374;Starting the Year Off Right;Starting the Year Off Right;1;2010;\N;\N;3
tt11203378;Service Gratis;Service Gratis;0;1953;\N;20;2
tt1120339;All You Need Is Love: Part 1;All You Need Is Love: Part 1;0;1995;\N;\N;3
tt11203390;"Penny Lee ""Sexy Bum Shots""";"Penny Lee ""Sexy Bum Shots""";1;2015;\N;\N;3
tt11203392;Busting Free;Busting Free;0;2017;\N;\N;3
tt11203394;Hunting Grounds 1;Hunting Grounds 1;0;2018;\N;\N;3
tt11203396;Camping with Crocodiles;Camping with Crocodiles;0;2017;\N;\N;3
tt11203398;"Kate Anne ""Something's Cum Up""";"Kate Anne ""Something's Cum Up""";1;2015;\N;\N;3
tt1120340;All You Need Is Love: Part 2;All You Need Is Love: Part 2;0;1995;\N;\N;3
tt11203400;The Croc That Ate a Boat;The Croc That Ate a Boat;0;2018;\N;\N;3
tt11203402;Problem at Windshield Point/Two Wheel Justice;Problem at Windshield Point/Two Wheel Justice;0;2019;\N;12;3
tt11203404;Hunting Grounds 2;Hunting Grounds 2;0;2018;\N;\N;3
tt11203406;A Crocodile's Tail;A Crocodile's Tail;0;2018;\N;\N;3
tt11203410;"Toni Lou ""Wank Over These""";"Toni Lou ""Wank Over These""";1;2015;\N;\N;3
tt11203412;Croc in My Backyard;Croc in My Backyard;0;2017;\N;\N;3
tt11203414;Croc Attack at Finniss River;Croc Attack at Finniss River;0;2017;\N;\N;3
tt11203416;"Stella Cox ""Tidy Housemate""";"Stella Cox ""Tidy Housemate""";1;2015;\N;\N;3
tt11203418;Journal of Immigrant Women;Journal of Immigrant Women;0;2018;2018;\N;4
tt11203422;"Aston Wilde ""Is It Too Short?""";"Aston Wilde ""Is It Too Short?""";1;2015;\N;\N;3
tt11203426;"Axa Jay ""Dirty Wanker""";"Axa Jay ""Dirty Wanker""";1;2015;\N;\N;3
tt11203428;Dairy Products;Dairy Products;0;2019;\N;\N;3
tt11203430;Nan Piê;Nan Piê;0;2019;\N;\N;3
tt11203432;Sa Piê;Sa Piê;0;2019;\N;\N;3
tt11203434;A Day in Dearborn;A Day in Dearborn;0;2019;\N;\N;2
tt11203436;"Becky Holt ""Upskirt At Work""";"Becky Holt ""Upskirt At Work""";1;2015;\N;\N;3
tt11203438;Lacquer Seed Oil;Lacquer Seed Oil;0;2019;\N;\N;3
tt1120344;Even Bradys Get the Blues;Even Bradys Get the Blues;0;1995;\N;\N;3
tt11203442;Ham;Ham;0;2019;\N;\N;3
tt11203446;President of the United States of America Donald Trump Is Trying to Unmask the Whistleblower Who Is Protected by Law;President of the United States of America Donald Trump Is Trying to Unmask the Whistleblower Who Is Protected by Law;0;2019;\N;60;3
tt11203448;"Keeping Them Honest: ""Insidious"" and ""Improper""";"Keeping Them Honest: ""Insidious"" and ""Improper""";0;2019;\N;60;3
tt11203450;Westerly Ranch House: Decking for Beginners;Westerly Ranch House: Decking for Beginners;0;2019;\N;\N;3
tt11203452;Keeping Them Honest: Rudy Awakening;Keeping Them Honest: Rudy Awakening;0;2019;\N;60;3
tt11203454;Former Mayor of New York City, New York Mike Bloomberg Is Expected to Register for the 2020 United States Primary Presidential Election;Former Mayor of New York City, New York Mike Bloomberg Is Expected to Register for the 2020 United States Primary Presidential Election;0;2019;\N;60;3
tt11203456;President of the United States of America Donald Trump Reacts to Impeachment Testimony;President of the United States of America Donald Trump Reacts to Impeachment Testimony;0;2019;\N;60;3
tt11203458;Ante Up ACF;Ante Up ACF;0;2019;\N;\N;2
tt11203462;Lia Lor: Pretty Southern Blonde with Hot Mouth and Tight Pussy!;Lia Lor: Pretty Southern Blonde with Hot Mouth and Tight Pussy!;1;2012;\N;\N;3
tt11203464;Bill Bixby, Brenda Benet, Anne Meara, Jerry Stiller, Pat Carroll, Carol Wayne - Day 2;Bill Bixby, Brenda Benet, Anne Meara, Jerry Stiller, Pat Carroll, Carol Wayne - Day 2;0;1974;\N;\N;3
tt11203466;The Serve-Ringu;The Serve-Ringu;0;2019;\N;\N;3
tt11203468;Saekano: How to Raise a Boring Girlfriend Fine;Saekano: How to Raise a Boring Girlfriend Fine;0;2019;\N;115;1
tt11203470;2019 MLS Cup: Seattle Sounders vs. Toronto FC;2019 MLS Cup: Seattle Sounders vs. Toronto FC;0;2019;\N;\N;3
tt11203472;Bill Bixby, Brenda Benet, Anne Meara, Jerry Stiller, Pat Carroll, Carol Wayne - Day 3;Bill Bixby, Brenda Benet, Anne Meara, Jerry Stiller, Pat Carroll, Carol Wayne - Day 3;0;1974;\N;\N;3
tt11203474;Bruises;Bruises;0;2019;\N;\N;2
tt11203478;Bill Bixby, Brenda Benet, Anne Meara, Jerry Stiller, Pat Carroll, Carol Wayne - Day 4;Bill Bixby, Brenda Benet, Anne Meara, Jerry Stiller, Pat Carroll, Carol Wayne - Day 4;0;1974;\N;\N;3
tt11203482;Bill Bixby, Brenda Benet, Anne Meara, Jerry Stiller, Pat Carroll, Carol Wayne - Day 5;Bill Bixby, Brenda Benet, Anne Meara, Jerry Stiller, Pat Carroll, Carol Wayne - Day 5;0;1974;\N;\N;3
tt11203484;Shanksgiving;Shanksgiving;0;2019;\N;22;3
tt11203486;Walter White's Obsessed with Names (Breaking Bad Parody);Walter White's Obsessed with Names (Breaking Bad Parody);0;2019;\N;4;2
tt11203488;Wild James;Wild James;0;2019;\N;\N;2
tt11203490;Qué pasó con Bonorino?;Qué pasó con Bonorino?;0;\N;\N;\N;5
tt11203496;Jordan and Ariana;Jordan and Ariana;0;2019;\N;\N;3
tt1120350;Return of the Soldier;Return of the Soldier;0;1995;\N;\N;3
tt11203502;"Dan Le Batard & Gonzalo ""Papi"" Le Batard/Israel Gutierrez, Katie Nolan, Mina Kimes & Sarah Spain";"Dan Le Batard & Gonzalo ""Papi"" Le Batard/Israel Gutierrez, Katie Nolan, Mina Kimes & Sarah Spain";0;2019;\N;\N;3
tt11203504;Kathryn and Dylan;Kathryn and Dylan;0;2019;\N;\N;3
tt11203506;Giant Pizza Mukbang with Instagram Models;Giant Pizza Mukbang with Instagram Models;0;2019;\N;\N;3
tt11203508;The Way We Fall;The Way We Fall;0;2019;\N;\N;2
tt11203510;The Day We (Un)Met;The Day We (Un)Met;0;2017;\N;\N;2
tt11203512;Abby Dalton and Johnny Brown;Abby Dalton and Johnny Brown;0;1973;\N;\N;3
tt11203514;Mundiales;Mundiales;0;\N;\N;\N;6
tt11203516;The Nandi Bear Tenants: The Movie;The Nandi Bear Tenants: The Movie;0;2018;\N;70;1
tt11203518;McLean Stevenson and Barbara Feldon;McLean Stevenson and Barbara Feldon;0;1973;\N;\N;3
tt11203520;Uncanny Episodes;Uncanny Episodes;0;\N;\N;\N;2
tt11203522;A teper' ulybnites';A teper' ulybnites';0;2017;\N;\N;3
tt11203524;Bill Bixby and Nanette Fabray;Bill Bixby and Nanette Fabray;0;1973;\N;\N;3
tt11203526;Charles Nelson Reilly and Karen Valentine;Charles Nelson Reilly and Karen Valentine;0;1973;\N;\N;3
tt11203528;August 31st: Summer Vacation's Last Visitor/September 1st: Sweet Mochi;August 31st: Summer Vacation's Last Visitor/September 1st: Sweet Mochi;0;2012;\N;\N;3
tt1120353;Sex, Lies and Pasta Putanesca;Sex, Lies and Pasta Putanesca;0;1995;\N;\N;3
tt11203530;Michael Landon and Peggy Cass;Michael Landon and Peggy Cass;0;1973;\N;\N;3
tt11203536;McLean Stevenson and Demond Wilson;McLean Stevenson and Demond Wilson;0;1973;\N;\N;3
tt11203538;"Run Me My Money; Party Boat Foul";"Run Me My Money; Party Boat Foul";0;2019;\N;\N;3
tt11203540;Nanette Fabray and Marty Allen;Nanette Fabray and Marty Allen;0;1973;\N;\N;3
tt11203542;Bill Bixby and Barbara Feldon;Bill Bixby and Barbara Feldon;0;1973;\N;\N;3
tt11203546;Kings of Corn;Kings of Corn;0;2019;\N;22;3
tt11203550;Michael Landon and Jaye P. Morgan;Michael Landon and Jaye P. Morgan;0;1973;\N;\N;3
tt11203554;The Lineup Season 1;The Lineup Season 1;0;2021;\N;\N;6
tt11203556;The Perfect Peach Pie;The Perfect Peach Pie;0;2019;\N;\N;2
tt11203558;Peter Marshall and Jo Anne Worley;Peter Marshall and Jo Anne Worley;0;1973;\N;\N;3
tt11203568;Freddy Krueger's Halloween Nightmare;Freddy Krueger's Halloween Nightmare;0;2019;\N;2;2
tt1120357;Voyage to the Bottom of the Pit;Voyage to the Bottom of the Pit;0;1995;\N;\N;3
tt11203570;Della Reese and Marty Allen;Della Reese and Marty Allen;0;1973;\N;\N;3
tt11203572;Jo Ann Pflug and McLean Stevenson;Jo Ann Pflug and McLean Stevenson;0;1973;\N;\N;3
tt11203574;@Mamita;@Mamita;0;\N;\N;\N;5
tt11203576;The Bottom End;The Bottom End;0;2018;\N;\N;3
tt11203580;The Top Right;The Top Right;0;2018;\N;\N;3
tt11203582;Norah Jones: Happy Pills;Norah Jones: Happy Pills;0;2012;\N;\N;2
tt11203584;Arte Johnson and Karen Valentine;Arte Johnson and Karen Valentine;0;1973;\N;\N;3
tt11203586;Vai Melhorar;Vai Melhorar;0;2020;\N;17;2
tt11203588;La vendedora de amor;La vendedora de amor;0;1964;\N;92;1
tt11203590;Alt Esc;Alt Esc;0;\N;\N;\N;6
tt11203592;Nanette Fabray, Bill Bixby, Jan Murray and Barbara Feldon;Nanette Fabray, Bill Bixby, Jan Murray and Barbara Feldon;0;1973;\N;\N;3
tt11203594;The Otachan Show;The Otachan Show;0;2019;\N;\N;6
tt1120361;A Scrooge's Guide to Christmas;A Scrooge's Guide to Christmas;0;\N;\N;\N;3
tt11203614;Country nonstop - Von Johnny Cash bis Truck Stop;Country nonstop - Von Johnny Cash bis Truck Stop;0;2019;\N;\N;1
tt11203618;Darius the Great Is Not Okay;Darius the Great Is Not Okay;0;\N;\N;\N;1
tt11203622;Maa Baap Thi Motu Koi Nathi;Maa Baap Thi Motu Koi Nathi;0;2019;\N;135;1
tt11203626;Workshop;Workshop;0;\N;\N;30;5
tt11203636;Mayer Moto;Mayer Moto;0;2019;\N;14;3
tt11203656;Parapar;Parapar;0;2019;\N;21;3
tt11203658;Oddbhut;Oddbhut;0;2019;\N;35;3
tt11203660;Pret Parbon;Pret Parbon;0;2019;\N;17;3
tt11203662;Back in Time: Pedal Cymbals;Back in Time: Pedal Cymbals;0;2017;\N;3;2
tt11203664;Patel Vs Patrick;Patel Vs Patrick;0;2022;\N;135;1
tt11203670;Back in Time: Charleston Pedal;Back in Time: Charleston Pedal;0;2017;\N;3;2
tt11203672;Ring, Ring, Death Phone;Ring, Ring, Death Phone;0;2018;\N;\N;2
tt11203678;Hunt Down;Chang an Dao;0;2019;\N;113;1
tt11203680;A Nice Day for an Earthquake;A Nice Day for an Earthquake;0;2017;\N;\N;2
tt11203682;Heart of the Sea;Heart of the Sea;0;2015;\N;122;1
tt11203684;The Seer of Berlin;The Seer of Berlin;0;\N;\N;\N;6
tt11203690;Pistachio Harvesting and Processing: Small Is Beautiful;Pistachio Harvesting & Processing - Small is Beautiful;0;2011;\N;11;9
tt1120371;Season 1 Recap;Season 1 Recap;0;2007;\N;\N;3
tt11203714;Back in Time: Lowboy;Back in Time: Lowboy;0;2017;\N;3;2
tt1120372;My Skipped Pages;My Skipped Pages;0;2003;\N;\N;3
tt11203720;Vivid's Taboo Tramps;Vivid's Taboo Tramps;1;2011;\N;119;9
tt11203722;Machchhu;Machchhu;0;2023;\N;130;1
tt11203724;Back in Time: High Sock Cymbal;Back in Time: High Sock Cymbal;0;2017;\N;3;2
tt11203728;SÍ, A TODO;SÍ, A TODO;0;2022;\N;\N;1
tt11203732;The Affliction of Lucy Weston;The Affliction of Lucy Weston;0;2020;\N;\N;5
tt11203734;Cops on the Frontline;Cops on the Frontline;0;\N;\N;\N;5
tt11203736;Captain Talltower;Captain Talltower;0;1961;1965;\N;6
tt11203744;Schools on the Frontline;Schools on the Frontline;0;\N;\N;\N;5
tt11203748;Firefighters on the Frontline;Firefighters on the Frontline;0;\N;\N;\N;5
tt1120375;When WASPs Collide;When WASPs Collide;0;1999;\N;\N;3
tt11203750;Hammer of Fate;Hammer of Fate;0;2019;\N;\N;2
tt11203752;Grappling with Giants;Grappling with Giants;0;2017;\N;\N;3
tt11203754;The Nazarene;The Nazarene;0;\N;\N;\N;1
tt11203758;Rakhewal;Rakhewal;0;2019;\N;130;1
tt11203764;The Secret Solved;The Secret Solved;0;2019;\N;47;3
tt11203766;Diamond Knight Year One;Diamond Knight Year One;0;2020;\N;60;5
tt11203768;Football Is US: The College Game;Football Is US: The College Game;0;2019;\N;\N;3
tt11203770;Hoa Quynh No Muon;Hoa Quynh No Muon;0;1993;\N;74;1
tt11203772;Cheer Squad Secrets;Cheer Squad Secrets;0;2020;\N;89;5
tt11203778;Teental-Ojas Adhiya (Tabla)-HCL Maestros in Studio Live at The Peninsula Studios;Teental-Ojas Adhiya (Tabla)-HCL Maestros in Studio Live at The Peninsula Studios;0;2018;\N;\N;3
tt1120378;Here Comes the Sludge;Here Comes the Sludge;0;2001;\N;\N;3
tt11203780;Unicef IKEA Cotton fields;Unicef IKEA Cotton fields;0;2010;\N;22;2
tt11203786;Svoy - chuzhoy;Svoy - chuzhoy;0;2009;2009;90;6
tt11203788;How Did It Get in There?;How Did It Get in There?;0;2019;\N;21;3
tt1120379;Tiempo de amistad;Tiempo de amistad;0;2003;\N;\N;3
tt11203790;Rupak-Ojas Adhiya (Tabla)-HCL Maestros in Studio Live at The Peninsula Studios;Rupak-Ojas Adhiya (Tabla)-HCL Maestros in Studio Live at The Peninsula Studios;0;2018;\N;\N;3
tt11203792;Laggi-Ishaan Ghosh (Tabla)-HCL Maestros in Studio Live @The Peninsula Studios;Laggi-Ishaan Ghosh (Tabla)-HCL Maestros in Studio Live @The Peninsula Studios;0;2018;\N;\N;3
tt11203794;Downtown L.A. Distillery Delivers Spirits and Sustainability;Downtown L.A. Distillery Delivers Spirits and Sustainability;0;2017;\N;\N;3
tt11203796;Saraswathi Namostuthe-Jayanthi Kumaresh (Veena)-HCL Maestros In Studio Live @TPS;Saraswathi Namostuthe-Jayanthi Kumaresh (Veena)-HCL Maestros In Studio Live @TPS;0;2018;\N;\N;3
tt11203798;Tsukihime Plus-Disc;Tsukihime Plus-Disc;0;2001;\N;\N;10
tt11203800;Charukeshi Thanam-Jayanthi Kumaresh (Veena)-HCL Maestros In Studio Live @TPS;Charukeshi Thanam-Jayanthi Kumaresh (Veena)-HCL Maestros In Studio Live @TPS;0;2018;\N;\N;3
tt11203802;Kaushiki Chakraborty -Interview-HCL Maestros in Studio Live at The Peninsula Studios;Kaushiki Chakraborty -Interview-HCL Maestros in Studio Live at The Peninsula Studios;0;2018;\N;\N;3
tt11203804;Sikkil Gurucharan -Interview-HCL Maestros in Studio Live at The Peninsula Studios;Sikkil Gurucharan -Interview-HCL Maestros in Studio Live at The Peninsula Studios;0;2018;\N;\N;3
tt11203806;Anil Srinivasan -Interview-HCL Maestros in Studio Live at The Peninsula Studios;Anil Srinivasan -Interview-HCL Maestros in Studio Live at The Peninsula Studios;0;2018;\N;\N;3
tt11203808;Sabir Khan, Dilshad Khan, Akram Khan -Interview-HCL Maestros in Studio Live at TPS;Sabir Khan, Dilshad Khan, Akram Khan -Interview-HCL Maestros in Studio Live at TPS;0;2018;\N;\N;3
tt11203810;Ojas Adhiya -Interview-HCL Maestros in Studio Live at The Peninsula Studios;Ojas Adhiya -Interview-HCL Maestros in Studio Live at The Peninsula Studios;0;2018;\N;\N;3
tt11203818;Love Is a Bird;Love Is a Bird;0;2019;\N;85;1
tt1120382;Edats;Edats;0;2003;\N;\N;3
tt11203820;Descendants: Queen of Mean;Descendants: Queen of Mean;0;2019;\N;\N;3
tt11203822;Mercy of God;Mercy of God;0;2019;\N;\N;2
tt11203826;You Better Watch Your Filthy Mouth;You Better Watch Your Filthy Mouth;0;2019;\N;21;3
tt11203828;Heroes and Masterminds;Heroes and Masterminds;0;2019;\N;\N;3
tt1120383;Divertiments;Divertiments;0;2003;\N;\N;3
tt11203830;Story Behind the Wall;Story Behind the Wall;0;2019;\N;9;9
tt11203832;We Got That D!;We Got That D!;0;2019;\N;21;3
tt11203838;Family Gratitude at Sea;Family Gratitude at Sea;0;2018;\N;\N;3
tt11203852;World War 666;World War 666;0;2019;\N;\N;3
tt1120386;Plors;Plors;0;2004;\N;\N;3
tt11203860;Heinz-Fischer Karwin in Salzburg;Heinz-Fischer Karwin in Salzburg;0;2013;\N;\N;3
tt11203864;Skräckministeriet;Skräckministeriet;0;2009;2009;30;6
tt11203874;Orb;Orb;0;\N;\N;\N;1
tt11203876;Auf den Spuren von Verdi;Auf den Spuren von Verdi;0;2013;\N;\N;3
tt11203896;VICE Investigates;Vice Investigates;0;2019;\N;\N;6
tt1120392;Surf Sale;Surf Sale;0;1998;\N;21;3
tt11203922;Die Hörbigers - Eine Schauspielerdynastie;Die Hörbigers - Eine Schauspielerdynastie;0;2015;\N;\N;3
tt11203926;Erwin Steinhauer;Erwin Steinhauer;0;2017;\N;\N;3
tt11203930;Frogmen on Deck;Frogmen on Deck;0;\N;\N;\N;1
tt11203932;Det inre monstret;Det inre monstret;0;2009;\N;\N;3
tt11203934;Erika Pluhar;Erika Pluhar;0;2019;\N;\N;3
tt11203936;The Fashion Parade;The Fashion Parade;0;1963;\N;\N;3
tt11203938;Mazaiyil Nanaigiren;Mazaiyil Nanaigiren;0;\N;\N;122;1
tt1120394;Mom's Gift;Mom's Gift;0;1999;\N;\N;3
tt11203944;Jacques Chirac: bientôt la canonisation?;Jacques Chirac: bientôt la canonisation?;0;2019;\N;\N;3
tt11203950;Queen Bitch - Hollywood, CA;Queen Bitch - Hollywood, CA;1;2012;\N;\N;3
tt11203958;Hospital Horror;Hospital Horror;0;2019;\N;42;3
tt1120397;The Classic Car;The Classic Car;0;1998;\N;21;3
tt11203970;Faithfull;Faithfull;0;\N;\N;\N;1
tt11203974;Maskinerna anfaller;Maskinerna anfaller;0;2009;\N;\N;3
tt11203978;Michael Schottenberg;Michael Schottenberg;0;2019;\N;\N;3
tt11203980;Antiracisme à l'université: la parole aux premiers concernés;Antiracisme à l'université: la parole aux premiers concernés;0;2019;\N;\N;3
tt11203982;Maliceye;Maliceye;0;2019;\N;9;2
tt11203984;Dangerous Stripper;Dangerous Stripper;0;2010;\N;60;9
tt11203988;Japansk skräck;Japansk skräck;0;2009;\N;\N;3
tt11203990;Lineage Tribe Theme Song;Lineage Tribe Theme Song;0;2020;\N;\N;2
tt11203996;Extinction Rebellion: une désobéissance trop sage?;Extinction Rebellion: une désobéissance trop sage?;0;2019;\N;\N;3
tt11204000;Itiraf Ediyorum;Itiraf Ediyorum;0;2019;\N;\N;3
tt11204002;#Mord;#Mord;0;2019;\N;\N;3
tt11204006;Barn;Barn;0;2009;\N;\N;3
tt11204012;Kassa cringe;Kassa cringe;0;2019;\N;\N;3
tt11204014;"Zemmour et autres ""paumés"", ou la fin du racisme complexé";"Zemmour et autres ""paumés"", ou la fin du racisme complexé";0;2019;\N;\N;3
tt11204018;How Queer Everything Is Today!;How Queer Everything Is Today!;0;2020;\N;42;3
tt11204020;An Un-Birthday Present;An Un-Birthday Present;0;2020;\N;42;3
tt11204026;Drink Me;Drink Me;0;2020;\N;42;3
tt11204028;Grinning from Ear to Ear;Grinning from Ear to Ear;0;2020;\N;42;3
tt11204034;Through the Looking-Glass;Through the Looking-Glass;0;2020;\N;42;3
tt11204040;If You Believe in Me, I'll Believe in You;If You Believe in Me, I'll Believe in You;0;2020;\N;41;3
tt11204044;A Secret Kept from All the Rest;A Secret Kept from All the Rest;0;2020;\N;42;3
tt11204046;O, Mouse!;O, Mouse!;0;2020;\N;42;3
tt11204050;A Special Relationship;A Special Relationship;0;\N;\N;\N;1
tt11204052;Garry & Ryan, Emmerson & Ruby;Garry & Ryan, Emmerson & Ruby;0;2019;\N;47;3
tt11204054;Donna draait door!;Donna draait door!;0;2019;\N;\N;3
tt11204056;Folksagan;Folksagan;0;2009;\N;\N;3
tt11204058;Shakespears Skjulte Koder;Shakespears Skjulte Koder;0;2009;2009;54;4
tt11204064;O Bandhu Amar;O Bandhu Amar;0;2019;\N;126;1
tt11204066;Il est venu le temps de l'insurrection mondiale;Il est venu le temps de l'insurrection mondiale;0;2019;\N;\N;3
tt11204074;Estrambólico Halloween;Estrambólico Halloween;0;2019;\N;3;2
tt11204096;Bungo Bingo;Bungo Bingo;0;1998;\N;\N;3
tt11204104;Entrissen;Entrissen;0;2021;\N;44;3
tt11204110;Sweet Water Way;Via delle dolci acque;0;2019;\N;10;2
tt11204118;What's Up Downunder! The Best of South Australia and Western Australia;What's Up Downunder! The Best of South Australia and Western Australia;0;2014;\N;97;9
tt1120412;Mars Rising;Mars Rising;0;2007;2007;\N;6
tt11204120;Nejvýs, jak to jde;Nejvýs, jak to jde;0;2019;\N;\N;3
tt11204128;Le Chasseur (El cazador);Le Chasseur (El cazador);0;2019;\N;81;1
tt11204132;Man May Love;Man May Love;0;2019;\N;28;2
tt11204134;One Thousand and One Nights;One Thousand and One Nights;0;\N;\N;\N;6
tt11204136;Five Elements Kung Fu Workout;Five Elements Kung Fu Workout;0;2019;\N;\N;9
tt11204138;The Worst Anime Ever;The Worst Anime Ever;0;2019;\N;\N;3
tt11204140;Naman;Naman;0;2019;\N;\N;2
tt11204142;Väter können keine Zöpfe flechten;Väter können keine Zöpfe flechten;0;1962;\N;27;7
tt11204146;Sindoor Khela;Sindoor Khela;0;\N;\N;144;1
tt11204148;The Thames Burrow Adventure;The Thames Burrow Adventure;0;1998;\N;\N;3
tt11204152;Kimo Basha;Kimo Basha;0;2017;2018;\N;6
tt11204156;Untitled Anthony Bourdain Documentary;Untitled Anthony Bourdain Documentary;0;\N;\N;\N;5
tt11204158;WWE Velocity #79;WWE Velocity #79;0;2003;\N;\N;3
tt1120416;Episode dated 19 October 1991;Episode dated 19 October 1991;0;1991;\N;27;3
tt11204162;WWE Velocity #81;WWE Velocity #81;0;2003;\N;\N;3
tt11204168;Paglu 3;Paglu 3;0;\N;\N;144;1
tt11204170;Plan goes Huuma;Plan goes Huuma;0;2007;\N;\N;3
tt1120418;'Humano preseljenje' ili 'Presadjivanje Mileta', drugi deo;'Humano preseljenje' ili 'Presadjivanje Mileta', drugi deo;0;2007;\N;\N;3
tt11204186;To the Meadows;To the Meadows;0;2020;\N;49;3
tt11204188;The Chicken Squad;The Chicken Squad;0;2021;2022;22;6
tt1120419;Backyard Monsters: Part 1;Backyard Monsters: Part 1;0;2005;\N;51;3
tt11204190;Welcome Mia;Welcome Mia;0;2020;\N;50;3
tt11204192;The Wombles of Our Discontent;The Wombles of Our Discontent;0;1998;\N;\N;3
tt11204196;The Red Dwarf Affair;The Red Dwarf Affair;0;1988;\N;\N;9
tt11204200;A Way to Grieve;A Way to Grieve;0;2020;\N;52;3
tt11204208;Kid Counselor;Kid Counselor;0;2019;\N;\N;2
tt11204210;You're With Us Now;You're With Us Now;0;2020;\N;46;3
tt11204232;Zentren der Macht;Zentren der Macht;0;1963;1964;45;4
tt11204234;Wasserparadies Schleswig-Holstein;Wasserparadies Schleswig-Holstein;0;2019;\N;\N;3
tt11204240;Open Mic Night at the Mulberry Tree;Open Mic Night at the Mulberry Tree;0;2019;\N;108;1
tt11204246;Soldiner Kiez;Soldiner Kiez;0;2019;\N;\N;3
tt11204248;Tacitus;Tacitus;0;2020;\N;46;3
tt11204254;Un homme si calme;Un homme si calme;0;1960;\N;\N;7
tt11204260;I May Destroy You;I May Destroy You;0;2020;2020;30;6
tt11204264;Sampal ng katotohanan;Sampal ng katotohanan;0;2019;\N;\N;3
tt11204266;The Mafia;The Mafia;0;\N;\N;144;1
tt11204270;Stone Circle;Stone Circle;0;1996;\N;\N;3
tt11204278;Architettura rimossa;Architettura rimossa;0;1994;\N;59;1
tt11204284;Trappers;Trappers;0;1996;\N;\N;3
tt11204286;Vellapanti;Vellapanti;0;\N;\N;\N;1
tt11204288;Bassjackers x Jaxx & Vega - Limitless (Official);Bassjackers x Jaxx & Vega - Limitless (Official);0;2019;\N;\N;9
tt11204320;"STEVE MCQUEEN: ""un comédien charismatique et rebelle"" 3e épisode.";"STEVE MCQUEEN: ""un comédien charismatique et rebelle"" 3e épisode.";0;2019;\N;52;3
tt11204334;Elephants Up Close;Elefanten hautnah;0;2018;\N;\N;4
tt11204336;Bikeman 2;Bikeman 2;0;2019;\N;\N;1
tt11204356;Welcome to Bowling;Welcome to Bowling;0;2019;\N;21;3
tt11204360;Welcome to the Dealbreaker;Welcome to the Dealbreaker;0;2019;\N;21;3
tt11204366;Vine Leaves;Vine Leaves;0;2019;\N;\N;2
tt11204368;Things Will Be Good;Things Will Be Good;0;2012;\N;\N;2
tt11204376;Star Kannadiga;Star Kannadiga;0;2019;\N;128;1
tt11204378;Useless Potheads;Useless Potheads;0;2019;\N;21;3
tt11204380;Kharts;Kharts;0;2021;\N;81;1
tt11204384;We Were Beggars, Now We Are Choosers;We Were Beggars, Now We Are Choosers;0;2019;\N;21;3
tt11204388;Giganten mit Gefühl;Giganten mit Gefühl;0;2018;\N;44;3
tt11204390;Prom 12: Nicola Benedetti with the NYO;Prom 12: Nicola Benedetti with the NYO;0;2019;\N;\N;3
tt11204392;Ungewöhnliche Nachbarn;Ungewöhnliche Nachbarn;0;2018;\N;44;3
tt11204394;Love Meat Tender;Love Meat Tender;0;2019;\N;\N;2
tt11204398;Fourth Birthday Programme;Fourth Birthday Programme;0;1959;\N;\N;3
tt11204416;La Mansion de la Muerte;La Mansion de la Muerte;0;2019;\N;\N;3
tt11204418;Dated November 26, 1984;Dated November 26, 1984;0;1984;\N;120;3
tt11204420;Lobby Boy;Lobby Boy;0;2019;\N;7;2
tt11204422;Via Crucis by Stanislawa Rodzinski;Via Crucis by Stanislawa Rodzinski;0;2010;\N;\N;2
tt11204424;Lure of the Woods;Lure of the Woods;0;2005;\N;7;2
tt11204426;KHarabat;KHarabat;0;2015;\N;\N;1
tt1120443;MoreThanMusic;MoreThanMusic;0;2005;2006;60;6
tt11204430;Pigs Don't Stop;Pigs Don't Stop;0;2010;\N;207;9
tt11204438;Salida;Salida;0;2020;\N;55;3
tt1120444;Bullshead/Rollingwood;Bullshead/Rollingwood;0;\N;\N;\N;3
tt11204440;Grieta;Grieta;0;2020;\N;51;3
tt11204442;Lucha;Lucha;0;2020;\N;57;3
tt11204444;Zaa, das kleine weiße Kamel;Zaa, das kleine weiße Kamel;0;1963;\N;\N;3
tt11204446;Police Patrol #156;Police Patrol #156;0;2018;\N;19;3
tt1120445;Lakewood/Dallas;Lakewood/Dallas;0;\N;\N;\N;3
tt11204450;Coaster Crazy UK;Coaster Crazy UK;0;2000;\N;\N;9
tt11204454;Prom 16: Angelique Kidjo;Prom 16: Angelique Kidjo;0;2019;\N;\N;3
tt11204458;Dated 17 September 1984;Dated 17 September 1984;0;1984;\N;120;3
tt1120446;Phoenix/Aldine;Phoenix/Aldine;0;\N;\N;\N;3
tt11204460;A View from the Ditch;A View from the Ditch;0;2019;\N;\N;2
tt11204464;Rood;Rood;0;2019;\N;7;2
tt11204468;Stanislaw Wyspianski and the House of Krakow Medical Society;Stanislaw Wyspianski and the House of Krakow Medical Society;0;2006;\N;\N;2
tt1120447;Ford Focus;Ford Focus;0;\N;\N;\N;3
tt11204470;Prom 7: Strauss, Sibelius and Prokofiev;Prom 7: Strauss, Sibelius and Prokofiev;0;2019;\N;\N;3
tt11204474;Summerville;Summerville;0;2019;\N;\N;3
tt11204476;Desole;Desole;0;2014;\N;110;1
tt1120448;Jeep Liberty;Jeep Liberty;0;\N;\N;\N;3
tt11204480;Vôo Da Capo;Vôo Da Capo;0;2019;\N;16;2
tt1120449;Lexus IS-F;Lexus IS-F;0;\N;\N;\N;3
tt11204496;Högerextremism och nynazism på väg tillbaka?;Högerextremism och nynazism på väg tillbaka?;0;1981;\N;\N;3
tt11204498;The Girl in a Red Jacket;The Girl in a Red Jacket;0;2018;\N;9;2
tt11204510;The Mystery of Blackwood Lodge;The Mystery of Blackwood Lodge;0;2019;\N;42;3
tt11204512;Högerextremism'och nynazism på väg tillbaka? del 2;Högerextremism'och nynazism på väg tillbaka? del 2;0;1981;\N;\N;3
tt11204516;See You in the Trees;See You in the Trees;0;2019;\N;6;2
tt11204518;Demond Wilson;Demond Wilson;0;1974;\N;\N;3
tt11204520;Blue & Malone: Casos imposibles;Blue & Malone: Casos imposibles;0;2019;\N;18;2
tt11204522;Oceans of the Future;Oceans of the Future;0;2016;\N;50;3
tt11204528;#201 - William H. Macy;#201 - William H. Macy;0;2019;\N;\N;3
tt11204532;Producer Aaron Casey;Producer Aaron Casey;0;2019;\N;30;3
tt11204538;Les sorcières;Les sorcières;0;2019;\N;\N;3
tt11204556;Musikens väg till nynazism;Musikens väg till nynazism;0;1996;\N;\N;3
tt11204560;Tong Nu Zhi Wu;Tong Nu Zhi Wu;0;2002;\N;90;5
tt11204574;Brucellosis 2;Brucellosis 2;0;1969;\N;\N;3
tt11204576;Two Cows to the Acre;Two Cows to the Acre;0;1969;\N;\N;3
tt11204578;Go West Young Man?;Go West Young Man?;0;1969;\N;\N;3
tt11204580;Brucellosis 1;Brucellosis 1;0;1969;\N;\N;3
tt1120459;Eeyore's Sad Day/Tigger's Bedtime for Bouncer;Eeyore's Sad Day/Tigger's Bedtime for Bouncer;0;2007;\N;\N;3
tt11204596;Friday Day;Friday Day;0;2019;\N;1;3
tt11204598;Super Birthday;Super Birthday;0;2019;\N;5;2
tt1120460;How to Say I Love Roo/Piglet's Small Predicament;How to Say I Love Roo/Piglet's Small Predicament;0;2007;\N;99;3
tt11204600;ESAMI - Medicina - Lacrimazione volontaria;ESAMI - Medicina - Lacrimazione volontaria;0;2014;\N;\N;3
tt11204604;Warcraft - Hard Corner (Spécial Halloween);Warcraft - Hard Corner (Spécial Halloween);0;2019;\N;\N;3
tt11204606;Backstabber;Backstabber;0;2019;\N;26;3
tt11204610;Bill Viola at Sfmoma;Bill Viola at Sfmoma;0;1999;\N;\N;9
tt11204612;Which Support System for Cereals?;Which Support System for Cereals?;0;1969;\N;\N;3
tt11204614;Warble Fly;Warble Fly;0;1969;\N;\N;3
tt11204616;Farming in Wales: Welsh Plant Breeding Station Golden Jubilee;Farming in Wales: Welsh Plant Breeding Station Golden Jubilee;0;1969;\N;\N;3
tt11204618;Rural Development;Rural Development;0;1969;\N;\N;3
tt11204620;Episode dated 16 March 1957;Episode dated 16 March 1957;0;1957;\N;\N;3
tt11204622;Esami - Economia - L'assistente assente;Esami - Economia - L'assistente assente;0;2014;\N;\N;3
tt11204630;1919 Black Sox World Series Fix;1919 Black Sox World Series Fix;0;2019;\N;70;8
tt11204632;Une idée pour demain;Une idée pour demain;0;2014;\N;\N;2
tt11204634;NUSU Freshers'2019;NUSU Freshers'2019;0;2019;\N;2;3
tt11204638;ESAMI - Filosofia/Ingegneria - Sbocchi professionali;ESAMI - Filosofia/Ingegneria - Sbocchi professionali;0;2014;\N;\N;3
tt11204642;Bilden som vapen;Bilden som vapen;0;1978;1979;30;6
tt11204648;Police Patrol #155;Police Patrol #155;0;2018;\N;19;3
tt1120466;Through the Door: Part 1;Through the Door: Part 1;0;1986;\N;\N;3
tt11204662;Antibiotics in Agriculture;Antibiotics in Agriculture;0;1969;\N;\N;3
tt11204664;Feed of the Future;Feed of the Future;0;1969;\N;\N;3
tt11204668;European Agriculture at the Crossroads;European Agriculture at the Crossroads;0;1969;\N;\N;3
tt1120467;Deryck Whibley;Deryck Whibley;0;2006;\N;\N;3
tt11204670;Flakes, Pellets and Wafers;Flakes, Pellets and Wafers;0;1969;\N;\N;3
tt11204674;The World of Appearances;The World of Appearances;0;2000;\N;\N;9
tt1120468;Joel Madden;Joel Madden;0;2006;\N;\N;3
tt11204682;Games We Play;Games We Play;0;2016;\N;\N;9
tt11204686;ESAMI - Storia dell'Arte - Ceci n'est pas un Pips;ESAMI - Storia dell'Arte - Ceci n'est pas un Pips;0;2014;\N;\N;3
tt11204690;Into the '70s;Into the '70s;0;1969;\N;\N;3
tt11204692;Western Australia 2;Western Australia 2;0;1969;\N;\N;3
tt11204694;A Break with Maize?;A Break with Maize?;0;1969;\N;\N;3
tt11204702;The Dark Hunger;The Dark Hunger;0;2019;\N;\N;2
tt11204706;Fu Yan;Fu Yan;0;2003;2003;60;6
tt1120471;Equivocados I;Equivocados I;0;1997;\N;\N;3
tt11204710;ESAMI - Giurisprudenza I - Giustizia privata;ESAMI - Giurisprudenza I - Giustizia privata;0;2014;\N;\N;3
tt11204718;A Phrase from 'Illumination';A Phrase from 'Illumination';0;2011;\N;\N;9
tt11204726;Von Garmisch in den Kaukasus - Die Geschichte der 1. Gebirgsdivision 1941-1942;Von Garmisch in den Kaukasus - Die Geschichte der 1. Gebirgsdivision 1941-1942;0;2009;\N;94;9
tt1120473;Black Eyed Pleased;Black Eyed Pleased;0;2006;\N;30;3
tt11204732;ESAMI - Architettura - L'ultima revisione;ESAMI - Architettura - L'ultima revisione;0;2014;\N;\N;3
tt11204736;Police Patrol #138;Police Patrol #138;0;2018;\N;19;3
tt1120474;It Started with a Kick;It Started with a Kick;0;2006;\N;30;3
tt11204740;A Phrase from 'Chris';A Phrase from 'Chris';0;2011;\N;\N;9
tt11204756;ESAMI - Matematica - Mathematical beauty;ESAMI - Matematica - Mathematical beauty;0;2014;\N;\N;3
tt11204760;The Weight of the Land;The Weight of the Land;0;2019;\N;\N;2
tt11204764;Nebraska vs. Purdue;Nebraska vs. Purdue;0;2019;\N;\N;3
tt11204768;RNT #27;RNT #27;0;2016;\N;\N;3
tt11204770;Kansas State vs. Kansas;Kansas State vs. Kansas;0;2019;\N;\N;3
tt11204772;Utah vs. Washington;Utah vs. Washington;0;2019;\N;\N;3
tt11204774;Northwestern vs. Indiana;Northwestern vs. Indiana;0;2019;\N;\N;3
tt11204776;Oregon vs. USC;Oregon vs. USC;0;2019;\N;\N;3
tt11204778;ESAMI - Giurisprudenza II - Diritto di famiglia;ESAMI - Giurisprudenza II - Diritto di famiglia;0;2014;\N;\N;3
tt1120478;1740;1740;0;\N;\N;\N;3
tt11204780;Kårhusockupationen;Kårhusockupationen;0;1968;\N;68;1
tt11204786;Behind the Bricks: Legoland's New Kingdom;Behind the Bricks: Legoland's New Kingdom;0;2018;\N;10;2
tt11204788;Will Witt Visits Summit Ministries;Will Witt Visits Summit Ministries;0;2019;\N;10;3
tt1120479;1832;1832;0;\N;\N;\N;3
tt11204792;Caught Kryan;Caught Kryan;0;2019;\N;\N;2
tt11204794;Police Patrol #175;Police Patrol #175;0;2018;\N;20;3
tt11204798;The real news. Summer 2016;The real news. Summer 2016;0;2016;\N;\N;3
tt1120480;1847;1847;0;\N;\N;\N;3
tt11204802;Police Patrol #173;Police Patrol #173;0;2018;\N;20;3
tt11204804;ESAMI - Lettere - Carenza di aule;ESAMI - Lettere - Carenza di aule;0;2014;\N;\N;3
tt1120481;1927;1927;0;\N;\N;\N;3
tt11204810;Esami - Puntata Finale - Doppi Incarichi;Esami - Puntata Finale - Doppi Incarichi;0;2014;\N;\N;3
tt11204812;Food cards, Kadyrov. RNT #28;Food cards, Kadyrov. RNT #28;0;2016;\N;\N;3
tt11204818;Zhen Tan Wu Yu;Zhen Tan Wu Yu;0;2005;2005;60;6
tt11204828;Pledge Drives;Pledge Drives;0;2020;\N;\N;3
tt11204832;The Assasif Necropolis - The Legend of Um Elmagareen (chapter 2);The Assasif Necropolis - The Legend of Um Elmagareen (chapter 2);0;\N;\N;\N;2
tt11204834;Chijoku no seppun! Nure hada no wana!?;Chijoku no seppun! Nure hada no wana!?;0;2010;\N;\N;3
tt11204836;3718;3718;0;2019;\N;\N;3
tt11204838;POST ESAMI - In linea con Max - Cena galante;POST ESAMI - In linea con Max - Cena galante;0;2016;\N;\N;3
tt1120484;Nothing's Going to Be the Same;Nothing's Going to Be the Same;0;2007;\N;21;3
tt11204844;Iyiler Siyah Giyer (the Good Ones Wear Black);Iyiler Siyah Giyer (the Good Ones Wear Black);0;2019;\N;\N;2
tt11204846;Londons wilde Tiere;Londons wilde Tiere;0;2019;\N;\N;3
tt11204848;Cup Raceday, Martinsville II;Cup Raceday, Martinsville II;0;2019;\N;\N;3
tt11204850;A Day at the White House: Clinton '93;A Day at the White House: Clinton '93;0;2020;\N;\N;6
tt11204856;Jenna Dewan & D'Andra Simmons;Jenna Dewan & D'Andra Simmons;0;2019;\N;\N;3
tt11204860;Presidential press conference. RNT #38;Presidential press conference. RNT #38;0;2016;\N;\N;3
tt11204870;Kaçak Gelinler Nerede;Kaçak Gelinler Nerede;0;2014;\N;\N;3
tt11204876;Nothing Without GOD 2;Nothing Witout God II;0;2020;\N;104;1
tt11204888;POST ESAMI - Questione di diritto - La locazione;POST ESAMI - Questione di diritto - La locazione;0;2016;\N;\N;3
tt11204890;Julie Andrews & Whoopi Goldberg;Julie Andrews & Whoopi Goldberg;0;2019;\N;\N;3
tt11204892;Worms: A Space Oddity;Worms: A Space Oddity;0;2008;\N;\N;10
tt11204894;The Road to Gehenna;The Road to Gehenna;0;2019;\N;\N;2
tt1120491;The Making of a Television Programme;The Making of a Television Programme;0;\N;\N;\N;3
tt11204918;POST ESAMI - Jim Molisano - Inside Un medico in famiglia/Family Doctor;POST ESAMI - Jim Molisano - Inside Un medico in famiglia/Family Doctor;0;2016;\N;\N;3
tt1120492;Now Playing with Gary Collins;Now Playing with Gary Collins;0;2007;\N;\N;6
tt1120493;Lauren's Date;Lauren's Date;0;\N;\N;\N;3
tt11204944;The Grand Prix Night of the Stars;The Grand Prix Night of the Stars;0;1976;\N;60;5
tt11204948;Secret Science;Secret Science;0;2019;\N;11;3
tt11204950;The Real News #2;The Real News #2;0;2016;\N;\N;3
tt11204958;Infinite Vendetta;Infinite Vendetta;0;2019;\N;11;3
tt11204960;Jessie? - A Boring Room Challenge;Jessie? - A Boring Room Challenge;0;2019;\N;2;2
tt11204964;Worms 2: Armageddon;Worms 2: Armageddon;0;2009;\N;\N;10
tt11204970;Knofje, de animatieserie;Knofje, de animatieserie;0;2018;2019;7;6
tt11204974;Episode dated 9 February 1957;Episode dated 9 February 1957;0;1957;\N;\N;3
tt11204976;POST ESAMI - Questione di diritto - Il licenziamento;POST ESAMI - Questione di diritto - Il licenziamento;0;2016;\N;\N;3
tt11204980;Song of Hell;Song of Hell;0;1925;\N;\N;1
tt11204984;Divorzio a Las Vegas;Divorzio a Las Vegas;0;2020;\N;90;1
tt11204988;A Tale of Dung and Urine;Banjun Morishige no funnyotan;0;1957;\N;101;1
tt11204990;New Year's Canyon 7;New Year's Canyon 7;0;2018;\N;\N;2
tt11204994;Patti LaBelle & Boy George;Patti LaBelle & Boy George;0;2019;\N;\N;3
tt11204998;Karakär och karikatyr;Karakär och karikatyr;0;1978;\N;\N;3
tt11205006;Worms: Battle Islands;Worms: Battle Islands;0;2010;\N;\N;10
tt11205008;Krepkaya bronya;Krepkaya bronya;0;2019;\N;\N;4
tt11205010;Revolutioner och borgarvälde;Revolutioner och borgarvälde;0;1978;\N;\N;3
tt11205014;The Returned;Los que vuelven;0;2019;\N;92;1
tt11205016;Kamp mot censuren;Kamp mot censuren;0;1978;\N;\N;3
tt11205018;Utbrottets timme;Utbrottets timme;0;1978;\N;\N;3
tt11205020;Worms: Ultimate Mayhem;Worms: Ultimate Mayhem;0;2011;\N;\N;10
tt11205030;POST ESAMI - In linea con Max - Consigli per gli acquisti;POST ESAMI - In linea con Max - Consigli per gli acquisti;0;2016;\N;\N;3
tt11205032;Soldier of the Future;Soldier of the Future;0;2019;\N;\N;3
tt11205034;In mot ansiktet;In mot ansiktet;0;1978;\N;\N;3
tt11205038;Secrets of the Royal Servants;Secrets of the Royal Servants;0;2019;\N;\N;5
tt11205040;Naina Scolds Sameer;Naina Scolds Sameer;0;2017;\N;\N;3
tt11205064;Dinosaurs: Terrible Lizards;Dinosaurs: Terrible Lizards;0;2015;\N;4;2
tt11205068;Planet of Volcanoes;Planet of Volcanoes;0;2019;\N;\N;5
tt11205076;Testosterone: The Making of a Man?;Testosterone: The Making of a Man?;0;2019;\N;43;5
tt11205084;Sport Relief Special 2008;Sport Relief Special 2008;0;2008;\N;\N;3
tt11205086;Marcelia and the Oval Ball;Marcelia and the Oval Ball;0;2019;\N;\N;5
tt11205098;Worms: Clan Wars;Worms: Clan Wars;0;2013;\N;\N;10
tt11205134;Gatcha Hell;Gatcha Hell;0;2020;\N;\N;3
tt11205148;The Folly of Jephthah;The Folly of Jephthah;0;2020;\N;44;3
tt1120515;Nazo no Kaizoku Goikkou! Sunny-gou to Kiken na Wana;Nazo no Kaizoku Goikkou! Sunny-gou to Kiken na Wana;0;2007;\N;\N;3
tt11205156;[Fitch nikkan VR] ryoshin ga 2-paku 3-nichi no ryoko de inai ma ni cho bijin de kyonyu no 2-ri no gishi to hame makutta kiroku;[Fitch nikkan VR] ryoshin ga 2-paku 3-nichi no ryoko de inai ma ni cho bijin de kyonyu no 2-ri no gishi to hame makutta kiroku;1;2019;\N;101;9
tt1120516;Live Show #5;Live Show #5;0;2007;\N;\N;3
tt1120517;Live Show #6;Live Show #6;0;2007;\N;\N;3
tt1120518;Crunch Time!;Crunch Time!;0;\N;\N;23;3
tt1120519;Open Step Forward, Two Steps Back;Open Step Forward, Two Steps Back;0;\N;\N;23;3
tt11205192;BAMF Comics;BAMF Comics;0;2019;\N;5;2
tt11205206;Master Tempo's Octapus alla Chef Russell;Master Tempo's Octapus alla Chef Russell;0;2019;\N;\N;3
tt11205216;Ox Films Collection Volume 2;Ox Films Collection Volume 2;0;2019;\N;96;1
tt11205220;The Collector's Chest;The Collector's Chest;0;2019;\N;8;2
tt1120523;Welcome to iCandy;Welcome to iCandy;0;\N;\N;24;3
tt11205254;POST ESAMI - Jim Molisano - Inside Un posto al sole/A place in the sun;POST ESAMI - Jim Molisano - Inside Un posto al sole/A place in the sun;0;2016;\N;\N;3
tt11205262;Top 20 Movies That Make You Afraid of the Dark;Top 20 Movies That Make You Afraid of the Dark;0;2019;\N;\N;3
tt11205274;Nej tack, sa Sacramento;Nej tack, sa Sacramento;0;1996;\N;\N;3
tt1120528;A Place Called Space;A Place Called Space;0;\N;\N;\N;3
tt1120529;Ahoy, Mehartiess;Ahoy, Mehartiess;0;\N;\N;\N;3
tt1120531;Box Full of Boxes;Box Full of Boxes;0;\N;\N;\N;3
tt11205312;Anna Nicole West in Strange Bondage Encounters: Testing the Saleswoman, Part 1;Anna Nicole West in Strange Bondage Encounters: Testing the Saleswoman, Part 1;1;2019;\N;\N;3
tt11205314;POST ESAMI - Questione di diritto - Il Comodato;POST ESAMI - Questione di diritto - Il Comodato;0;2016;\N;\N;3
tt1120533;Doctor Octor;Doctor Octor;0;1998;\N;\N;3
tt11205344;Donkey Ollie 6: Welcome to the Island;Donkey Ollie 6: Welcome to the Island;0;2019;\N;\N;3
tt11205360;All I Need;All I Need;0;2019;\N;4;2
tt11205362;Nick Offerman Gets the Job Done While Eating Spicy Wings;Nick Offerman Gets the Job Done While Eating Spicy Wings;0;2019;\N;\N;3
tt1120538;Happy Holidays!;Happy Holidays!;0;1999;\N;\N;3
tt11205384;Hell Fest (2018);Hell Fest (2018);0;2019;\N;20;3
tt1120539;How Do You Look?;How Do You Look?;0;\N;\N;\N;3
tt11205396;Addiction Pinball;Addiction Pinball;0;1998;\N;\N;10
tt1120540;It's Yuckayel Safari;It's Yuckayel Safari;0;\N;\N;\N;3
tt1120541;Learning About Pets;Learning About Pets;0;\N;\N;\N;3
tt11205410;Fatal Frame V: Maiden of Black Water;Fatal Frame V: Maiden of Black Water;0;2019;\N;\N;3
tt11205412;The Life of Jo Menell: Americans, Mongrels, & Funky Junkies;The Life of Jo Menell: Americans, Mongrels, & Funky Junkies;0;2019;\N;88;1
tt11205414;College Girls Rock;College Girls Rock;1;2010;\N;\N;3
tt1120542;Loving My Child;Loving My Child;0;1999;\N;\N;3
tt1120543;Make Em, Laugh;Make Em, Laugh;0;1999;\N;\N;3
tt11205430;What Happens in the Club, Stays in the Club;What Happens in the Club, Stays in the Club;1;2010;\N;\N;3
tt1120544;Pirates Life;Pirates Life;0;\N;\N;\N;3
tt1120545;Put Your Game Face On;Put Your Game Face On;0;\N;\N;\N;3
tt1120546;Scrub a Dub;Scrub a Dub;0;1999;\N;\N;3
tt1120547;Sounds in the Air;Sounds in the Air;0;\N;\N;\N;3
tt11205472;360 Degrees of Lip Service;360 Degrees of Lip Service;1;2010;\N;\N;3
tt1120548;The Dentist's Smile;The Dentist's Smile;0;1999;\N;\N;3
tt1120549;The Maiden Quilt;The Maiden Quilt;0;1999;\N;\N;3
tt11205494;Hellraiser Bloodline (1996);Hellraiser Bloodline (1996);0;2019;\N;\N;3
tt1120550;Tiny Tiny Steps;Tiny Tiny Steps;0;\N;\N;\N;3
tt1120551;Tube Town;Tube Town;0;1998;\N;\N;3
tt11205510;Jufe-023;Jufe-023;1;2019;\N;158;9
tt1120553;Which Hats Would We Wear?;Which Hats Would We Wear?;0;\N;\N;\N;3
tt1120554;Wind Turns Fabulous;Wind Turns Fabulous;0;\N;\N;\N;3
tt1120555;CNN Hummer Special;CNN Hummer Special;0;2006;\N;43;3
tt11205556;Banquet Bride;Banquet Bride;1;2010;\N;\N;3
tt11205560;Walter Pico;Walter Pico;0;2019;\N;\N;3
tt11205562;Real Women, Real Horny;Real Women, Real Horny;1;2010;\N;\N;3
tt1120557;Mustang Sting;Mustang Sting;0;2006;\N;43;3
tt11205576;6 Vs 100;6 Vs 100;1;2010;\N;\N;3
tt1120558;Overhaulin' Bumrush;Overhaulin' Bumrush;0;2006;\N;44;3
tt1120559;SEMA 2006;SEMA 2006;0;2006;\N;\N;3
tt1120560;The Boss Is Back;The Boss Is Back;0;2006;\N;43;3
tt1120561;The Short Yellow Bus;The Short Yellow Bus;0;2006;\N;43;3
tt11205612;Sechin's blinker light, psychic cat and Roskosmos. RNT #39;Sechin's blinker light, psychic cat and Roskosmos. RNT #39;0;2017;\N;\N;3
tt11205614;Drop Loads, Not Bombs;Drop Loads, Not Bombs;1;2010;\N;\N;3
tt1120562;A Cold Day in Hector;A Cold Day in Hector;0;2004;\N;\N;3
tt1120563;A Growing Cell;A Growing Cell;0;2003;\N;\N;3
tt11205634;Worms Crazy Golf;Worms Crazy Golf;0;2011;\N;\N;10
tt11205636;Suck, Suck, Pass;Suck, Suck, Pass;1;2010;\N;\N;3
tt1120564;Aunti Histamine;Aunti Histamine;0;2003;\N;\N;3
tt11205640;Arboretum;Arboretum;0;2020;\N;79;1
tt11205644;Folge #1.4;Folge #1.4;0;1993;\N;\N;3
tt11205648;Around The World In 100 Mouths;Around The World In 100 Mouths;1;2010;\N;\N;3
tt1120565;Journey to the Center of the Tooth;Journey to the Center of the Tooth;0;2004;\N;\N;3
tt11205650;Foreigners Watch Comte Day - Conte's Accounting;Foreigners Watch Comte Day - Conte's Accounting;0;2019;2019;\N;4
tt11205652;Icebox;Icebox;0;2019;\N;3;2
tt11205658;Dancing Bear makes it hot In here!!;Dancing Bear makes it hot In here!!;1;2010;\N;\N;3
tt11205668;The Bride To Be Gets Naughty;The Bride To Be Gets Naughty;1;2010;\N;\N;3
tt11205678;Suck some dick like it's your birthday!;Suck some dick like it's your birthday!;1;2010;\N;\N;3
tt1120569;Puberty Alert;Puberty Alert;0;2003;\N;\N;3
tt11205702;Frosting Some Faces;Frosting Some Faces;1;2010;\N;\N;3
tt11205704;Hard Landing at Lambert;Hard Landing at Lambert;0;2019;\N;90;1
tt1120571;Pageant Place;Pageant Place;0;2007;\N;\N;6
tt11205712;Hotel Party;Hotel Party;1;2010;\N;\N;3
tt11205742;An Ocean of Mouths for Dancing Bear to Bust in;An Ocean of Mouths for Dancing Bear to Bust in;1;2010;\N;\N;3
tt1120576;Enter Picasso;Enter Picasso;0;1977;\N;25;3
tt11205778;Ett svenskt gökbo;Ett svenskt gökbo;0;1998;\N;\N;3
tt1120580;Paddy for Champ;Paddy for Champ;0;1978;\N;25;3
tt1120581;Presents from Paris;Presents from Paris;0;1979;\N;24;3
tt1120583;The Sweetie Shop Kid;The Sweetie Shop Kid;0;1977;\N;23;3
tt1120584;Episode dated 30 July 1979;Episode dated 30 July 1979;0;1979;\N;\N;3
tt1120585;Episode dated 31 July 1979;Episode dated 31 July 1979;0;1979;\N;\N;3
tt1120586;Episode dated 1 August 1979;Episode dated 1 August 1979;0;1979;\N;\N;3
tt11205864;Vem sköt Olof Palme?;Vem sköt Olof Palme?;0;1994;\N;\N;3
tt11205866;Der Diagnose zum Trotz;Der Diagnose zum Trotz;0;2019;\N;\N;3
tt1120587;Episode dated 2 August 1979;Episode dated 2 August 1979;0;1979;\N;\N;3
tt1120588;Episode dated 3 August 1979;Episode dated 3 August 1979;0;1979;\N;\N;3
tt1120591;789;789;0;2007;\N;\N;3
tt11205932;Sekaî no chiemonô;Sekaî no chiemonô;0;1926;\N;\N;1
tt1120594;Petite cousine;Petite cousine;0;2000;\N;\N;3
tt11205998;Deadoid;Deadoid;0;2019;\N;\N;2
tt1120604;Bellagio Final Table;Bellagio Final Table;0;2006;\N;\N;3
tt1120605;Bellagio Fourth Quarter;Bellagio Fourth Quarter;0;2006;\N;\N;3
tt11206054;Episode dated 29 May 2014;Episode dated 29 May 2014;0;2014;\N;\N;3
tt1120606;Bellagio Second Quarter;Bellagio Second Quarter;0;2006;\N;\N;3
tt1120607;Bellagio Third Quarter;Bellagio Third Quarter;0;2006;\N;\N;3
tt1120609;Gavin's Story;Gavin's Story;0;2007;\N;\N;3
tt1120610;Georgie's Story;Georgie's Story;0;2007;\N;\N;3
tt11206104;V.RIDA;V.RIDA;0;2019;\N;9;2
tt1120611;Pala's Story;Pala's Story;0;2007;\N;\N;3
tt1120612;Stacey's Story;Stacey's Story;0;2007;\N;\N;3
tt11206136;Paper Knight;Paper Knight;0;2018;\N;5;2
tt11206148;The Perfect Dish Asia: Taipei;The Perfect Dish Asia: Taipei;0;2017;\N;\N;3
tt11206150;The Perfect Dish Asia: Hanoi;The Perfect Dish Asia: Hanoi;0;2017;\N;\N;3
tt11206152;Real Big Tits 5;Real Big Tits 5;1;1999;\N;83;9
tt11206158;The Perfect Dish Asia: Yangon;The Perfect Dish Asia: Yangon;0;2017;\N;\N;3
tt11206166;The Perfect Dish Asia: Okinawa;The Perfect Dish Asia: Okinawa;0;2017;\N;\N;3
tt1120617;Hairworld;Hairworld;0;2007;\N;\N;3
tt11206172;The Cover;El Cover;0;2021;\N;83;1
tt11206176;The Perfect Dish Asia: Tokyo;The Perfect Dish Asia: Tokyo;0;2017;\N;\N;3
tt11206258;The Rakshasa;The Rakshasa;0;2019;\N;\N;3
tt11206264;The Devil Lance;The Devil Lance;0;2019;\N;\N;3
tt11206272;Volition;Volition;0;2019;\N;\N;3
tt11206298;TNA Epics;TNA Epics;0;2009;2016;\N;6
tt11206302;30 jours max;30 jours max;0;2020;\N;87;1
tt11206312;50 Dinge, die ein Hesse wissen muss;50 Dinge, die ein Hesse wissen muss;0;2013;\N;\N;8
tt1120633;Ambi Light 'See You in Vegas' Opening Night Special;Ambi Light 'See You in Vegas' Opening Night Special;0;2007;\N;\N;3
tt11206356;Joe's Healthy Muse;Joe's Healthy Muse;0;2019;\N;\N;6
tt11206358;Oscuro bajo el Sol;Oscuro bajo el Sol;0;2019;\N;\N;2
tt11206364;War of the Worlds 2: All Is Fair in Love and War;War of the Worlds 2: All Is Fair in Love and War;0;2019;\N;62;3
tt11206386;Autos Fantásticos;Autos Fantásticos;0;2019;\N;8;2
tt11206404;Lemmings 3D;Lemmings 3D;0;1995;\N;\N;10
tt1120642;Divorce, Canadian Style;Divorce, Canadian Style;0;2003;\N;30;3
tt1120643;Fish and Felons;Fish and Felons;0;2003;\N;30;3
tt11206432;Skizzen aus Amerika;Skizzen aus Amerika;0;1963;1965;15;6
tt1120645;Protocol Schmotocol;Protocol Schmotocol;0;2003;\N;30;3
tt1120646;Sharp Dressed Man;Sharp Dressed Man;0;2003;\N;30;3
tt1120647;Children's Favourites;Children's Favourites;0;1990;\N;15;3
tt1120648;Y2 Pappy/Upside Downers/Cutie Go Bye-Bye;Y2 Pappy/Upside Downers/Cutie Go Bye-Bye;0;1999;\N;24;3
tt1120649;Zowie Do, Olie Too/Dicey Situation/Square Plane in a Round Hole;Zowie Do, Olie Too/Dicey Situation/Square Plane in a Round Hole;0;1999;\N;24;3
tt1120650;Straighten Upper-er to the Rescue/The Great Manner Hunt/Polie Poppin' Day;Straighten Upper-er to the Rescue/The Great Manner Hunt/Polie Poppin' Day;0;2004;\N;24;3
tt11206500;Bari Weiss;Bari Weiss;0;2019;\N;\N;3
tt11206502;Ciudad de Errantes;Ciudad de Errantes;0;2008;\N;\N;2
tt11206506;Go Go Power Rangers;Go Go Power Rangers;0;2019;\N;\N;3
tt11206510;Kickin' it 2.0: Twister;Kickin' it 2.0: Twister;0;2019;\N;5;2
tt11206516;The Adventures of Lomax;The Adventures of Lomax;0;1996;\N;\N;10
tt11206546;Discover Futangue;Discover Futangue;0;2019;\N;\N;2
tt11206566;8th March 2019 Lunchtime News;8th March 2019 Lunchtime News;0;2019;\N;\N;3
tt1120658;Fillies vs Colts;Fillies vs Colts;0;2003;\N;24;3
tt11206584;Lemmings Paintball;Lemmings Paintball;0;1996;\N;\N;10
tt11206602;Il bianco che annulla;Il bianco che annulla;0;1994;\N;90;1
tt1120661;Return to Transylvania;Return to Transylvania;0;2002;\N;\N;3
tt11206646;Inglewood;Inglewood;0;\N;\N;\N;3
tt11206650;Titvi - A Bright Hope...;Titvi - A Bright Hope...;0;2019;\N;\N;1
tt1120668;High Society Scooby;High Society Scooby;0;2006;\N;23;3
tt1120669;Mystery of the Missing Mystery Solvers;Mystery of the Missing Mystery Solvers;0;2006;\N;24;3
tt11206694;Kaohsiung;Kaohsiung;0;\N;\N;\N;3
tt1120670;Operation Dog and Hippie Boy;Operation Dog and Hippie Boy;0;2007;\N;23;3
tt1120672;Shags to Riches;Shags to Riches;0;2006;\N;23;3
tt11206728;Admitted;Admitted;0;2021;\N;15;2
tt1120674;Fuatatabi no koku;Fuatatabi no koku;0;2007;\N;24;3
tt11206758;The Gallows Act II;The Gallows Act II;0;2019;\N;\N;3
tt11206776;9th April 2019 Late News;9th April 2019 Late News;0;2019;\N;\N;3
tt1120679;El debilitador social;El debilitador social;0;2003;\N;60;3
tt11206808;Elegant World;Elegant World;0;2019;\N;59;3
tt1120681;Silence of the Yams;Silence of the Yams;0;2001;\N;\N;3
tt1120683;Diogen;Diogen;0;1968;\N;\N;3
tt11206834;Ginpei the Untamed;Muhomono Ginpei;0;1938;\N;74;1
tt11206836;Secret Gaze;Secret Gaze;0;2019;\N;59;3
tt11206840;Very Private Confessions and Lies;Very Private Confessions and Lies;0;2019;\N;60;3
tt11206848;Pag-alis;Pag-alis;0;2019;\N;27;3
tt1120685;Kavijar;Kavijar;0;1968;\N;\N;3
tt11206854;The Guardian of Memory;El guardián de la memoria;0;2019;\N;93;1
tt11206858;Cooking for Life;Cooking for Life;0;2019;\N;9;2
tt1120686;Kisna glista;Kisna glista;0;1968;\N;\N;3
tt11206862;Unlucky Me;Unlucky Me;0;1998;\N;\N;3
tt1120687;Piscis aureus;Piscis aureus;0;1968;\N;\N;3
tt1120688;Staratelji;Staratelji;0;1968;\N;\N;3
tt1120689;Sve ima kraj;Sve ima kraj;0;1968;\N;\N;3
tt11206890;Sounds of Life;Sounds of Life;0;2019;\N;6;2
tt1120690;Usrecitelj;Usrecitelj;0;1968;\N;\N;3
tt11206916;Máme na víc;Máme na víc;0;2018;\N;74;1
tt11206918;The Process of Recovering;The Process of Recovering;0;2020;\N;78;1
tt11206920;Sovákoviny;Sovákoviny;0;2001;\N;39;8
tt1120697;Smoke, Mirrors and Chicken Fat;Smoke, Mirrors and Chicken Fat;0;2002;\N;\N;3
tt11206980;Rape CULTure Pt. 1: First Date;Rape CULTure Pt. 1: First Date;0;2019;\N;\N;2
tt1120699;To Be Young at Heart;To Be Young at Heart;0;2002;\N;\N;3
tt11207006;Thirst of the Dead;Thirst of the Dead;0;2019;\N;13;2
tt11207012;Fortress of the Knights Templar;Fortress of the Knights Templar;0;2019;\N;44;3
tt11207014;El Dorado City of Gold;El Dorado City of Gold;0;2019;\N;44;3
tt11207016;Ghost City of the Pacific;Ghost City of the Pacific;0;2019;\N;44;3
tt11207018;Lucy, la nouvelle secrétaire;Lucy, la nouvelle secrétaire;1;2019;\N;99;9
tt1120702;Steve's Intervention #2;Steve's Intervention #2;0;2007;\N;60;3
tt11207020;Swedish Erotica (a comedy);Swedish Erotica (a comedy);0;\N;\N;\N;2
tt11207022;Petra's Hidden Origins;Petra's Hidden Origins;0;2019;\N;24;3
tt11207026;Inca Island in the Sky;Inca Island in the Sky;0;2019;\N;44;3
tt11207028;Can't Help Falling in Love;Can't Help Falling in Love;0;2020;\N;\N;3
tt1120703;Never Ever Wanna See Him Again;Never Ever Wanna See Him Again;0;2002;\N;13;3
tt11207034;Jirí Sovák a Stella Zázvorková;Jirí Sovák a Stella Zázvorková;0;1997;\N;46;3
tt11207040;#051 Alexei and Loren;#051 Alexei and Loren;0;2019;\N;\N;3
tt11207042;Journey of John;Journey of John;0;2019;\N;7;2
tt11207052;Damien Woody/Jay Williams/Kevin Durant;Damien Woody/Jay Williams/Kevin Durant;0;2019;\N;\N;3
tt1120706;Durham and Manchester;Durham and Manchester;0;2007;\N;\N;3
tt11207060;Fake!;Fake!;0;2019;\N;\N;3
tt11207064;Valets;Valets;0;\N;\N;\N;1
tt1120707;Show 1 Results;Show 1 Results;0;2007;\N;\N;3
tt11207074;Memories of Morningside;Memories of Morningside;0;2018;2019;\N;4
tt11207100;We Should Talk;We Should Talk;0;2019;\N;\N;3
tt11207102;Cosplay Highlights;Cosplay Highlights;0;2013;\N;\N;3
tt11207108;Time is Relative;Time is Relative;0;2019;\N;\N;3
tt1120711;Arwinstein;Arwinstein;0;2007;\N;22;3
tt11207116;Journey of Remembrance;Journey of Remembrance;0;2017;\N;\N;2
tt11207122;Addicted to Winning;Addicted to Winning;0;2019;\N;82;1
tt11207124;Volume 2: Production Diary 2;Volume 2: Production Diary 2;0;2014;\N;\N;3
tt11207126;Volume 2: Production Diary 3;Volume 2: Production Diary 3;0;2014;\N;\N;3
tt1120713;Julie Taymor/Todd Haynes;Julie Taymor/Todd Haynes;0;2007;\N;\N;3
tt11207132;Volume 2: Opening Titles Animation;Volume 2: Opening Titles Animation;0;2014;\N;\N;3
tt1120714;Beware of Baby Brother!;Beware of Baby Brother!;0;2007;\N;\N;3
tt11207148;Volume 1: Opening Titles Animation;Volume 1: Opening Titles Animation;0;2014;\N;\N;3
tt1120715;Big King Monkey Gorilla;Big King Monkey Gorilla;0;2007;\N;\N;3
tt1120717;A Surreal Beginning Part 2;A Surreal Beginning Part 2;0;2003;\N;\N;3
tt1120718;Brevbärare utan gränser;Brevbärare utan gränser;0;2007;\N;\N;3
tt11207180;Chris Stuckmann Exposes Hollywood's Motives For Identity Politics;Chris Stuckmann Exposes Hollywood's Motives For Identity Politics;0;2019;\N;\N;3
tt11207182;Don't be curious;Don't be curious;0;2019;\N;\N;3
tt11207184;Revolution of the Heart: The Dorothy Day Story;Revolution of the Heart: The Dorothy Day Story;0;2020;\N;57;5
tt11207186;Volume 2: Production Diary 4;Volume 2: Production Diary 4;0;2014;\N;\N;3
tt11207188;Volume 3: Opening Animation;Volume 3: Opening Animation;0;2015;\N;\N;3
tt11207194;MÔT;MÔT;0;2019;\N;\N;3
tt11207196;Jirí Sovák a Pavlína Filipovská;Jirí Sovák a Pavlína Filipovská;0;1998;\N;\N;3
tt11207204;Live Wire 10302019;Live Wire 10302019;0;2019;\N;28;3
tt11207210;The Shadowboxers: In the Dark (Official Visuals);The Shadowboxers: In the Dark (Official Visuals);0;2019;\N;4;9
tt11207214;Breaking down Askren's legacy;Breaking down Askren's legacy;0;2019;\N;\N;3
tt11207226;UFC 245 Weigh-In Special;UFC 245 Weigh-In Special;0;2019;\N;\N;3
tt11207230;UFC 245 Post-Fight Show;UFC 245 Post-Fight Show;0;2019;\N;\N;3
tt11207240;Rock Dog 2: Rock Around the Park;Rock Dog 2;0;2021;\N;87;1
tt11207248;Mal diagnóstico;Mal diagnóstico;0;2019;\N;44;3
tt11207252;Le Petit Chaperon Noir;Le Petit Chaperon Noir;0;2019;\N;\N;3
tt11207254;The DM Chronicles;The DM Chronicles;0;2019;\N;\N;4
tt11207262;Halloween Health with Brimstone;Halloween Health with Brimstone;0;2019;\N;\N;3
tt11207264;RWBY Volume 1 Coming To Theaters - Get Tickets Now!;RWBY Volume 1 Coming To Theaters - Get Tickets Now!;0;2016;\N;\N;3
tt11207270;Rock Dog 3: Battle the Beat;Rock Dog 3 Battle the Beat;0;2022;\N;90;1
tt11207280;Vol 3 Blu-Ray Extras - No Heroes In The End Clip;Vol 3 Blu-Ray Extras - No Heroes In The End Clip;0;2016;\N;\N;3
tt11207282;In die Falle getappt;In die Falle getappt;0;2019;\N;\N;3
tt11207288;Vol 3 DVD/Blu-Ray Extras - Let's Make a Show: The Legacy of RWBY Clip Share;Vol 3 DVD/Blu-Ray Extras - Let's Make a Show: The Legacy of RWBY Clip Share;0;2016;\N;\N;3
tt11207292;Live His Love;Live His Love;0;2019;\N;98;1
tt11207294;Wild Orchids Species at Risk;Wild Orchids Species at Risk;0;2019;\N;6;2
tt11207302;Doctor and Patient;Doctor and Patient;0;2019;\N;\N;2
tt11207304;RWBY Volume 2 Coming to Theaters - Tickets Now Available!;RWBY Volume 2 Coming to Theaters - Tickets Now Available!;0;2016;\N;\N;3
tt1120731;Ang Lee;Ang Lee;0;2007;\N;\N;3
tt11207312;Lawyer and Opposing Counsel;Lawyer and Opposing Counsel;0;2019;\N;\N;2
tt11207318;Volumes 1-3 Recap: The Story So Far;Volumes 1-3 Recap: The Story So Far;0;2016;\N;\N;3
tt11207328;Johnny and Dana;Johnny and Dana;0;2019;\N;\N;2
tt11207334;RWBY: Combat Ready Announcement;RWBY: Combat Ready Announcement;0;2017;\N;\N;3
tt1120734;Episode dated 23 September 1983;Episode dated 23 September 1983;0;1983;\N;\N;3
tt11207344;Boxer and Bookie;Boxer and Bookie;0;2019;\N;\N;2
tt1120735;Whatever Happened to Radio 2? How the Light Programme Lived On;Whatever Happened to Radio 2? How the Light Programme Lived On;0;2007;\N;\N;3
tt11207350;Wickie's World: The Search for Fire;Wickie's World: The Search for Fire;0;1988;\N;6;2
tt11207354;We Are On! Houn Jau Dya;We Are On! Houn Jau Dya;0;2013;\N;131;1
tt11207358;RWBY: Combat Ready - How to Play;RWBY: Combat Ready - How to Play;0;2017;\N;\N;3
tt11207368;Mobster Father and Son;Mobster Father and Son;0;2019;\N;\N;2
tt11207382;Straight Man in a Crooked Game;Straight Man in a Crooked Game;0;2020;\N;\N;3
tt11207384;Black Messiah;Black Messiah;0;2020;\N;\N;3
tt11207398;Appetizer;Appetizer;0;2019;\N;\N;2
tt11207400;Volume 5: Intro;Volume 5: Intro;0;2017;\N;\N;3
tt11207408;Nanny Alexandria Comes to Stay;Nanny Alexandria Comes to Stay;0;1998;\N;\N;3
tt11207412;Motherhood Inspector;Motherhood Inspector;0;2019;\N;\N;2
tt11207416;Çok Seversem;Çok Seversem;0;2014;\N;\N;3
tt11207418;Motivated to Fuck a Stranger;Motivated to Fuck a Stranger;1;2013;\N;\N;3
tt11207420;Folie a'deux (Madness of Two);Folie a'deux (Madness of Two);0;2019;\N;\N;9
tt11207422;SebSel Aski Olursa;SebSel Aski Olursa;0;2014;\N;\N;3
tt11207426;Rookie and Police Captain;Rookie and Police Captain;0;2019;\N;\N;2
tt11207428;Sebnem'in Itirafi;Sebnem'in Itirafi;0;2014;\N;\N;3
tt11207434;Bébé Ténèbres;Bébé Ténèbres;0;2019;\N;\N;3
tt11207436;Preventing More Pain;Preventing More Pain;0;2019;\N;\N;2
tt11207438;Sebnem'in Yerinde Olsam;Sebnem'in Yerinde Olsam;0;2014;\N;\N;3
tt11207440;RWBY Volume 6 Intro;RWBY Volume 6 Intro;0;2018;\N;\N;3
tt11207444;Sebnem Kiskanirsa;Sebnem Kiskanirsa;0;2014;\N;\N;3
tt11207448;Nukazu no roku-patsu-chu dashi konshinsokan mitchaku kobi sato saki Aika;Nukazu no roku-patsu-chu dashi konshinsokan mitchaku kobi sato saki Aika;1;2019;\N;88;9
tt11207450;Hayaller Gerçek Olsa;Hayaller Gerçek Olsa;0;2014;\N;\N;3
tt11207454;5 Sene Sonra Ben;5 Sene Sonra Ben;0;2014;\N;\N;3
tt1120746;Scenes from the O.J. Trial: Part 2;Scenes from the O.J. Trial: Part 2;0;1995;\N;\N;3
tt11207466;SebSel Evlenirse;SebSel Evlenirse;0;2014;\N;\N;3
tt11207468;Natural Order;Natural Order;0;2019;\N;\N;2
tt11207474;Bazen Ask;Bazen Ask;0;2014;\N;\N;3
tt11207480;The Unwelcome Womble;The Unwelcome Womble;0;1998;\N;\N;3
tt11207482;Müfit Abi Nerede;Müfit Abi Nerede;0;2014;\N;\N;3
tt11207490;Mutual Beneficial Fuck;Mutual Beneficial Fuck;1;2013;\N;\N;3
tt11207492;En Güzel Hediyem;En Güzel Hediyem;0;2015;\N;\N;3
tt11207494;The Sun in the Swamp;Khorshid dar mordab;0;1973;\N;\N;1
tt11207496;Zolang er leven is: Maart;Zolang er leven is: Maart;0;2019;\N;33;3
tt11207500;Food and His Money;Food and His Money;0;2019;\N;\N;2
tt11207504;Hayat Sevince;Hayat Sevince;0;2015;\N;\N;3
tt11207508;Zolang er leven is: April;Zolang er leven is: April;0;2019;\N;29;3
tt11207510;Petey O'Pete/Daisy Does It!;Petey O'Pete/Daisy Does It!;0;2020;\N;24;3
tt11207512;Le petit être dans la chambre noire;Le petit être dans la chambre noire;0;2019;\N;\N;3
tt11207518;Nuneaton;Nuneaton;0;2019;\N;43;3
tt11207524;Always Be Mine;Always Be Mine;0;2019;\N;\N;3
tt11207526;A New Fucking Profession;A New Fucking Profession;1;2012;\N;\N;3
tt11207528;Rayven Justice: Do Too Much;Rayven Justice: Do Too Much;0;2019;\N;4;2
tt1120753;Dum Diddy Dum Diddy Doo;Dum Diddy Dum Diddy Doo;0;2007;\N;22;3
tt11207532;Bomberman;Bonbaman;0;1990;\N;\N;10
tt11207536;44.Bölüm;44.Bölüm;0;2019;\N;\N;3
tt11207540;Khiabaniha;Khiabaniha;0;1973;\N;\N;1
tt11207544;244. Bolum;244. Bolum;0;2019;\N;\N;3
tt11207546;Must Love Board Games: The Expansions;Must Love Board Games: The Expansions;0;2019;\N;29;9
tt11207548;245. Bolum;245. Bolum;0;2019;\N;\N;3
tt11207554;The Spelltower of the Ashen Mage;The Spelltower of the Ashen Mage;0;2019;\N;\N;3
tt11207558;Trying to Find Your Friend's Bathroom;Trying to Find Your Friend's Bathroom;0;2019;\N;\N;3
tt11207562;WHAT IF WHAT IF was something else? - Two men and a spider web;WHAT IF WHAT IF was something else? - Two men and a spider web;0;2019;\N;\N;3
tt11207566;La nuit du chasseur;La nuit du chasseur;0;2019;\N;\N;3
tt11207568;"Mark Schlereth/Rob Parker/""Halloween Night Lights""";"Mark Schlereth/Rob Parker/""Halloween Night Lights""";0;2019;\N;\N;3
tt1120758;Whole Lotta Chicken;Whole Lotta Chicken;0;\N;\N;\N;3
tt11207582;The Haunting of Sweet Springs Sanitarium;The Haunting of Sweet Springs Sanitarium;0;2019;\N;20;3
tt11207586;Shansi's Spider;Shansi's Spider;0;1998;\N;\N;3
tt1120759;À la salle de bain 1/Chez belle-mère 1/Au théâtre 1;À la salle de bain 1/Chez belle-mère 1/Au théâtre 1;0;1997;\N;21;3
tt11207592;Words That Kill;Words That Kill;0;2019;\N;27;2
tt11207598;Teen Pussy Is a Perfect Asset;Teen Pussy Is a Perfect Asset;1;2014;\N;\N;3
tt1120760;Chez le psy 1/Préparent un voyage/Chez Daniel et Loulou;Chez le psy 1/Préparent un voyage/Chez Daniel et Loulou;0;1997;\N;22;3
tt11207608;Bomberman II;Bomberman II;0;1991;\N;\N;10
tt1120761;Au golf/À la salle de bain 2/À la cuisine 1;Au golf/À la salle de bain 2/À la cuisine 1;0;1997;\N;22;3
tt11207610;Watchmen 's 45% Rotten Tomatoes Audience Score and Low Ratings Blamed on Fans;Watchmen 's 45% Rotten Tomatoes Audience Score and Low Ratings Blamed on Fans;0;2019;\N;\N;3
tt11207614;Vune jehlicí;Vune jehlicí;0;1987;\N;56;8
tt11207626;Demon Knight (1995);Demon Knight (1995);0;2019;\N;12;3
tt1120763;Dan 1 - Day 1;Dan 1 - Day 1;0;2007;\N;\N;3
tt11207630;Staying Home for Her First Paid Fuck;Staying Home for Her First Paid Fuck;1;2014;\N;\N;3
tt11207634;Violada (Doña Tormenta);Violada (Doña Tormenta);0;2011;\N;90;9
tt11207636;Ove Sprogøe: Min barndoms land;Ove Sprogøe: Min barndoms land;0;1984;\N;\N;5
tt1120764;Dan 10 - Day 10;Dan 10 - Day 10;0;2007;\N;\N;3
tt1120765;Dan 12 - Day 12;Dan 12 - Day 12;0;2007;\N;\N;3
tt11207656;Bomberman '93;Bomberman '93;0;1992;\N;\N;10
tt11207658;Breaking Down Dak Prescott;Breaking Down Dak Prescott;0;2019;\N;\N;3
tt1120766;Dan 2 - Day 2;Dan 2 - Day 2;0;2007;\N;\N;3
tt11207660;A Young Pussy for Rent;A Young Pussy for Rent;1;2014;\N;\N;3
tt11207664;Breaking Down Carson Wentz;Breaking Down Carson Wentz;0;2019;\N;\N;3
tt11207666;Breaking Down Russell Wilson;Breaking Down Russell Wilson;0;2019;\N;\N;3
tt11207668;Breaking Down Jacoby Brissett;Breaking Down Jacoby Brissett;0;2019;\N;\N;3
tt1120767;Dan 3 - Day 3;Dan 3 - Day 3;0;2007;\N;\N;3
tt11207674;Perverted Fucking Experience;Perverted Fucking Experience;1;2014;\N;\N;3
tt11207678;Halloweentown Witches Brew with Kimberly J. Brown!!!;Halloweentown Witches Brew with Kimberly J. Brown!!!;0;2019;\N;\N;3
tt1120768;Dan 4 - Day 4;Dan 4 - Day 4;0;2007;\N;\N;3
tt11207684;Single Latin Female;Single Latin Female;0;2022;\N;\N;1
tt11207688;Battle Cries;Battle Cries;0;\N;\N;\N;1
tt1120769;Dan 5 - Day 5;Dan 5 - Day 5;0;2007;\N;\N;3
tt11207690;Kimmy Gibbler Costume Contest Announcement;Kimmy Gibbler Costume Contest Announcement;0;2019;\N;\N;3
tt11207694;Confessions of a Closeted People Pleaser;Confessions of a Closeted People Pleaser;0;2022;\N;\N;1
tt11207696;Lilla Lillesyrra;Lilla Lillesyrra;0;2019;\N;5;2
tt11207698;From Page to Screen: George Orwell's 1984;From Page to Screen: George Orwell's 1984;0;2019;\N;21;9
tt1120770;Dan 6 - Day 6/Izbacivanje - Eviction;Dan 6 - Day 6/Izbacivanje - Eviction;0;2007;\N;\N;3
tt11207702;Simone beichtet Richard;Simone beichtet Richard;0;2019;\N;\N;3
tt11207704;Andrea Barber Live Stream;Andrea Barber Live Stream;0;2019;\N;\N;3
tt11207706;Cash for an Orgasm;Cash for an Orgasm;1;2013;\N;\N;3
tt1120771;Dan 7 - Day 7;Dan 7 - Day 7;0;2007;\N;\N;3
tt11207716;Scream (1996);Scream (1996);0;2019;\N;43;3
tt11207718;Welcome to the USA;Welcome to the USA;0;2019;\N;95;1
tt1120772;Dan 8 - Day 8;Dan 8 - Day 8;0;2007;\N;\N;3
tt11207722;Fun and Fuck for Money;Fun and Fuck for Money;1;2014;\N;\N;3
tt11207724;Jeanne, petite bergère;Jeanne, petite bergère;0;2020;\N;\N;2
tt11207726;Bomberman '94;Bomberman '94;0;1993;\N;\N;10
tt11207728;Happy lahat;Happy lahat;0;2019;\N;38;3
tt1120773;Dan 9 - Day 9;Dan 9 - Day 9;0;2007;\N;\N;3
tt11207730;Episode #1.7697;Episode #1.7697;0;2003;\N;\N;3
tt11207734;Londra Merkez;Londra Merkez;0;2018;\N;\N;6
tt1120774;Izbacivanje;Izbacivanje;0;2007;\N;\N;3
tt11207740;Terrible Place to Die;Terrible Place to Die;0;2019;\N;42;3
tt11207742;Fucking for New PlayStation;Fucking for New PlayStation;1;2014;\N;\N;3
tt11207750;Pilot (Ask Bridget);Pilot (Ask Bridget);0;2020;\N;\N;3
tt11207752;You Could Bend the Rules if You Wanted To;You Could Bend the Rules if You Wanted To;0;2020;\N;\N;3
tt11207756;I'm Here to Talk About Rodolfo.;I'm Here to Talk About Rodolfo.;0;2020;\N;\N;3
tt11207758;What Seems to be the Problem?;What Seems to be the Problem?;0;2020;\N;\N;3
tt11207760;I Can't Even Talk About My Life Right Now;I Can't Even Talk About My Life Right Now;0;2020;\N;\N;3
tt11207762;What Have You Become?;What Have You Become?;0;2020;\N;\N;3
tt11207766;This Place is Depressing, Right?;This Place is Depressing, Right?;0;2020;\N;\N;3
tt11207768;Party Crasher - A Zomcom;Party Crasher - A Zomcom;0;2019;\N;\N;2
tt1120777;Veliki brat - Mala sestra;Veliki brat - Mala sestra;0;2007;\N;\N;3
tt11207774;The Mechanician: A Brief History of Charles E. Taylor;The Mechanician: A Brief History of Charles E. Taylor;0;2020;\N;\N;1
tt11207778;Super Bomberman 3;Super Bomberman 3;0;1995;\N;\N;10
tt11207784;Buena genetica;Buena genetica;0;2013;\N;\N;3
tt11207786;What Mercy Looks Like;What Mercy Looks Like;0;2017;\N;24;2
tt11207808;Temple of Revenge;Adauchi sozenji baba;0;1957;\N;92;1
tt11207810;"Tampa Bay Lightning at New York Islanders; Dallas Stars vs. Colorado Avalanche";"Tampa Bay Lightning at New York Islanders; Dallas Stars vs. Colorado Avalanche";0;2019;\N;\N;3
tt11207814;Super Bomberman 4;Super Bomberman 4;0;1996;\N;\N;10
tt11207816;Frog Boyz;Frog Boyz;0;2016;\N;\N;4
tt11207818;Diabla;Diabla;0;2019;\N;15;2
tt11207820;"Ottawa Senators at Boston Bruins; Winnipeg Jets vs. Vegas Golden Knights";"Ottawa Senators at Boston Bruins; Winnipeg Jets vs. Vegas Golden Knights";0;2019;\N;\N;3
tt11207822;Ibrahim Selim ile Bu Gece #5: Kaan Sekban, Buse Sinem Iren;Ibrahim Selim ile Bu Gece #5: Kaan Sekban, Buse Sinem Iren;0;2019;\N;\N;3
tt11207826;Chicago Blackhawks at Anaheim Ducks;Chicago Blackhawks at Anaheim Ducks;0;2019;\N;\N;3
tt11207828;Saturn Bomberman;Saturn Bomberman;0;1996;\N;\N;10
tt11207836;Amaanaaiy;Amaanaaiy;0;1998;\N;166;1
tt11207838;Tröstungsversuch;Tröstungsversuch;0;2019;\N;\N;3
tt11207840;"Nashville Predators at Detroit Red Wings; Arizona Coyotes at Edmonton Oilers";"Nashville Predators at Detroit Red Wings; Arizona Coyotes at Edmonton Oilers";0;2019;\N;\N;3
tt11207842;Fraser Anning;Fraser Anning;0;2019;\N;60;3
tt11207846;Season 12 Finale;Season 12 Finale;0;2019;\N;6;3
tt11207850;Super Bomberman 5;Super Bomberman 5;0;1997;\N;\N;10
tt11207866;Måns Zelmerlöw/Evelyn Mok;Måns Zelmerlöw/Evelyn Mok;0;2019;\N;\N;3
tt11207868;Babben Larsson/Oscar Zia;Babben Larsson/Oscar Zia;0;2019;\N;\N;3
tt11207872;Tebukuro o nugasu otoko;Tebukuro o nugasu otoko;0;1946;\N;72;1
tt11207876;28 October 2019: Late Bulletin;28 October 2019: Late Bulletin;0;2019;\N;11;3
tt11207878;Saturn Bomberman Fight!!;Saturn Bomberman Fight!!;0;1997;\N;\N;10
tt11207882;Ove Sprogøe på film;Ove Sprogøe på film;0;1984;\N;\N;5
tt11207890;28 October 2019: Lunchtime Bulletin;28 October 2019: Lunchtime Bulletin;0;2019;\N;4;3
tt11207902;Lejos de Casa pelicula Venezolana;Lejos de Casa pelicula Venezolana;0;2020;\N;87;1
tt11207904;What Makes Our Marriage Work?;What Makes Our Marriage Work?;0;2019;\N;\N;3
tt11207912;My First Spanish Makeup Tutorial!;My First Spanish Makeup Tutorial!;0;2019;\N;\N;3
tt11207918;Cama, Mesa & Banho;Cama, Mesa & Banho;0;2014;\N;\N;2
tt11207920;Dougal Cameron;Dougal Cameron;0;2019;\N;80;3
tt11207926;Reacting to Your Assumptions About Me...;Reacting to Your Assumptions About Me...;0;2019;\N;\N;3
tt11207928;Day to Night Makeup Transformation;Day to Night Makeup Transformation;0;2019;\N;\N;3
tt11207930;What's in My Work Bag?;What's in My Work Bag?;0;2019;\N;\N;3
tt11207932;Sobre Papeis;Sobre Papeis;0;2014;\N;\N;2
tt11207938;30 October 2019: Lunchtime Bulletin;30 October 2019: Lunchtime Bulletin;0;2019;\N;4;3
tt1120794;Episode dated 19 October 2007;Episode dated 19 October 2007;0;2007;\N;\N;3
tt11207956;Sierra Sisters: The Hunt for Blackbeards Treasure;Sierra Sisters: The Hunt for Blackbeards Treasure;0;\N;\N;94;1
tt11207958;Organizing My Entire Makeup Collection;Organizing My Entire Makeup Collection;0;2019;\N;\N;3
tt11207960;Shop with Me: Head-to-Toe Luxury Consignment;Shop with Me: Head-to-Toe Luxury Consignment;0;2019;\N;\N;3
tt11207962;30 October 2019: Late Bulletin;30 October 2019: Late Bulletin;0;2019;\N;11;3
tt11207974;Pumpkin Patch Match: Love, Fall & Order - Pumpkins;Pumpkin Patch Match: Love, Fall & Order - Pumpkins;0;2019;\N;1;2
tt11207990;Pumpkin Patch Match: Love, Fall & Order - Pumpkin Spice;Pumpkin Patch Match: Love, Fall & Order - Pumpkin Spice;0;2019;\N;1;2
tt11208006;Det er Markus;Det er Markus;0;2019;\N;30;3
tt11208008;Maria Sanchez;Maria Sanchez;0;2020;\N;\N;2
tt1120801;Only Built for Cuban Wandas;Only Built for Cuban Wandas;0;\N;\N;\N;3
tt11208012;Womble Inventor of the Year;Womble Inventor of the Year;0;1998;\N;\N;3
tt11208014;Bomberman Online;Bomberman Online;0;2001;\N;\N;10
tt1120802;'Twas the Knife Before Christmas;'Twas the Knife Before Christmas;0;\N;\N;\N;3
tt11208020;Fine German Engineering;Fine German Engineering;0;2019;\N;\N;3
tt11208026;The Badge, the Bible, and Bigfoot;The Badge, the Bible, and Bigfoot;0;2019;\N;66;1
tt11208028;Flavor of Westport;Flavor of Westport;0;2019;\N;20;3
tt11208036;Dick and Gordy 1;Dick and Gordy 1;0;2019;\N;\N;3
tt11208042;Moving Lyric;Moving Lyric;0;2009;\N;\N;6
tt11208072;The Case of: Dakota Moore;The Case of: Dakota Moore;0;2021;\N;80;1
tt1120810;Boer Separatists;Boer Separatists;0;2000;\N;49;3
tt1120811;'Alles is liefde' special;'Alles is liefde' special;0;2007;\N;\N;3
tt11208122;True Crime Live;True Crime Live;0;2019;\N;60;6
tt11208136;8th March 2019 Evening News;8th March 2019 Evening News;0;2019;\N;\N;3
tt11208160;Instant;Instant;0;2019;\N;3;2
tt11208230;10th April 2019 Evening News;10th April 2019 Evening News;0;2019;\N;\N;3
tt11208270;Für Neo reicht's;Für Neo reicht's;0;2019;\N;\N;3
tt1120830;Each Man Kills;Each Man Kills;0;2001;\N;\N;3
tt11208320;A Visit to the Highland Burrow;A Visit to the Highland Burrow;0;1998;\N;\N;3
tt11208322;Yarrow: The Virtues of Monochrome;Yarrow: The Virtues of Monochrome;0;2019;\N;\N;2
tt1120836;Boo, Magoo/Magoo's Yacht Party;Boo, Magoo/Magoo's Yacht Party;0;1977;\N;\N;3
tt1120837;Choo Choo Magoo/For the Birds, Magoo;Choo Choo Magoo/For the Birds, Magoo;0;1977;\N;\N;3
tt11208372;TMZ;TMZ;0;\N;\N;\N;3
tt1120838;Come Back, Little McBarker/Magoo's Pizza;Come Back, Little McBarker/Magoo's Pizza;0;1977;\N;\N;3
tt1120839;Gold Rush Magoo/Magoo's Fountain of Youth;Gold Rush Magoo/Magoo's Fountain of Youth;0;1977;\N;\N;3
tt1120840;Good Neighbor Magoo/Kidnap Kaper Magoo;Good Neighbor Magoo/Kidnap Kaper Magoo;0;1977;\N;\N;3
tt1120843;Magoo's Monster Mansion/Mountain Man Magoo;Magoo's Monster Mansion/Mountain Man Magoo;0;1977;\N;\N;3
tt11208454;Bomberman Ultra;Bomberman Ultra;0;2009;\N;\N;10
tt1120846;Miniature Magoo/Roamin' Magoo;Miniature Magoo/Roamin' Magoo;0;1977;\N;\N;3
tt1120849;A Magoo Bagatelle/Tut Tut Magoo;A Magoo Bagatelle/Tut Tut Magoo;0;1977;\N;\N;3
tt11208496;The Real Dirty Dancing;The Real Dirty Dancing;0;2019;2019;\N;6
tt1120850;Motorcycle Magoo/Who's Zoo Magoo?;Motorcycle Magoo/Who's Zoo Magoo?;0;1977;\N;\N;3
tt11208504;Killer Bods;Killer Bods;0;2020;\N;\N;6
tt1120851;New Mexico, Old Monster;New Mexico, Old Monster;0;2004;\N;21;3
tt11208516;Trouble at Sea;Trouble at Sea;0;\N;\N;\N;3
tt11208518;Borracho Obama - Whiskey Boom;Borracho Obama - Whiskey Boom;0;2019;\N;\N;9
tt1120852;The San Franpsycho;The San Franpsycho;0;2004;\N;21;3
tt1120853;College Week from Seattle 1;College Week from Seattle 1;0;1995;\N;\N;3
tt1120854;Prayer of a Chance;Prayer of a Chance;0;1961;\N;30;3
tt11208544;In Here?;In Here?;0;2019;\N;8;2
tt11208548;Screens;Screens;0;2019;\N;\N;3
tt11208574;Sans Masker;Sans Masker;0;2019;\N;5;9
tt1120859;Yo on E!;Yo on E!;0;2007;\N;\N;6
tt1120860;Abi Titmuss;Abi Titmuss;0;2007;\N;40;3
tt11208600;Latin Leche 7;Latin Leche 7;1;2019;\N;140;9
tt1120861;Anne Robinson;Anne Robinson;0;2007;\N;40;3
tt11208624;Nickelodeon Studios in Orlando;Nickelodeon Studios in Orlando;0;2018;\N;\N;3
tt1120863;Faria Alam;Faria Alam;0;2006;\N;40;3
tt1120864;Freddie Flintoff;Freddie Flintoff;0;2007;\N;40;3
tt1120865;Jade Goody;Jade Goody;0;2007;\N;40;3
tt11208650;Ich dirty talke ihm seine Rotze aus dem Rüssel;Ich dirty talke ihm seine Rotze aus dem Rüssel;1;2019;\N;\N;3
